시도,시군구,구분,1992,1993,1994,1995,1996,1997,1998,1999,2000,2001,2002,2003,2004,2005,2006,2007,2008,2009,2010,2011,2012,2013,2014,2015,2016,2017,2018,2019,2020,2021
서울,서울,총인구,10935230,10889499,10759454,10550871,10418076,10336134,10270506,10264260,10311314,10263336,10207295,10174086,10173162,10167344,10181166,10192710,10200827,10208302,10312545,10249679,10195318,10143645,10103233,10022181,9930616,9857426,9765623,9729107,9668465,9509458
서울,서울,노인인구비율,3.97,4.08,4.21,4.35,4.49,4.68,4.91,5.15,5.42,5.71,6.00,6.36,6.78,7.19,7.67,8.29,8.73,9.17,9.72,10.19,10.84,11.45,12.04,12.6,13.05,13.8,14.44,15.2,16.15,16.8
부산,부산(기장군 제외),총인구,3882389,3862806,3839812,3811807,3793335,3777173,3754642,3743145,3722182,3694370,3653741,3613813,3586557,3558189,3532658,3507874,3483418,3453646,3465353,3442868,3423918,3395128,3374653,3360684,3340002,3309002,3276589,3249125,3217401,3173255
부산,부산(기장군 제외),노인인구비율,3.89,4.09,4.31,4.50,4.73,5.00,5.27,5.61,5.97,6.36,6.76,7.20,7.73,8.25,8.84,9.56,10.13,10.72,11.22,11.74,12.47,13.27,14.04,14.73,15.42,16.41,17.27,18.31,19.58,20.56
부산,부산 기장군,총인구,,,,72073,73790,74139,74456,74125,74324,76166,76384,77632,79788,80104,79334,79565,81159,89384,102557,108095,114566,132507,144748,153093,158527,161651,164864,164716,174545,177125
부산,부산 기장군,노인인구비율,,,,7.47,7.72,8.11,8.39,8.77,9.22,9.49,9.92,10.42,11.00,11.56,12.08,12.76,13.24,13.09,12.69,12.85,13.19,12.73,12.73,12.91,13.28,14.01,14.59,15.39,15.89,16.57
대구,대구(달성군 제외),총인구,2284191,2312166,2342680,2358633,2354147,2350891,2354570,2362845,2369972,2369009,2370202,2371990,2368807,2352953,2337801,2332818,2321723,2313646,2332777,2326920,2321278,2317230,2308362,2295082,2266289,2231856,2211226,2181491,2159007,2122961
대구,대구(달성군 제외),노인인구비율,4.13,4.24,4.37,4.49,4.69,4.94,5.17,5.50,5.83,6.15,6.49,6.85,7.30,7.71,8.19,8.81,9.31,9.74,10.05,10.39,10.99,11.62,12.25,12.81,13.44,14.36,15.11,15.99,17.02,17.97
대구,대구 달성군,총인구,107933,111137,112590,119956,126198,137455,138870,142865,154281,156100,155601,157554,155905,158353,158314,160443,171001,176135,178899,180351,184366,184358,184902,192747,218268,243375,250543,256540,259339,262451
대구,대구 달성군,노인인구비율,6.76,6.90,7.02,6.91,6.83,6.69,6.96,7.11,7.08,7.36,7.75,8.06,8.51,8.79,9.24,9.68,9.6,9.7,9.9,10.09,10.32,10.79,11.23,11.53,11.09,11.07,11.48,11.91,12.76,13.54
인천,"인천(강화군, 옹진군 제외)",총인구,2065866,2138426,2200769,2268995,2308359,2362733,2402707,2427106,2464661,2483688,2498171,2490880,2498883,2519497,2542390,2581130,2607933,2625309,2672453,2715010,2757190,2792349,2814787,2837186,2853708,2858215,2864710,2867282,2853170,2858340
인천,"인천(강화군, 옹진군 제외)",노인인구비율,3.83,3.93,4.04,4.18,4.31,4.45,4.63,4.85,5.08,5.31,5.55,5.86,6.17,6.45,6.81,7.25,7.57,7.87,8.16,8.48,8.91,9.32,9.77,10.19,10.52,11.19,11.75,12.47,13.43,14.2
인천,인천 강화군,총인구,72137,71116,70398,70601,70146,69539,68572,67924,67100,66860,65698,65044,65114,65389,65510,66466,67387,67049,67104,66779,66752,66735,67118,67667,68010,68754,68896,69178,69203,69693
인천,인천 강화군,노인인구비율,11.22,11.65,12.07,12.53,13.03,13.61,14.32,14.92,15.75,16.60,17.55,18.40,19.14,19.85,20.80,21.78,22.47,23.21,23.86,24.83,26.01,26.98,27.92,28.53,28.82,29.75,30.7,31.66,32.98,34.08
인천,인천 옹진군,총인구,19741,19608,13773,13477,13319,13341,13920,14056,14008,14050,14120,14270,14820,15609,16491,16980,17376,18221,18739,19485,20039,20698,20703,20962,21351,21573,21036,20566,20455,20342
인천,인천 옹진군,노인인구비율,13.35,13.96,15.41,16.66,17.57,18.12,18.13,18.36,18.73,19.18,19.42,19.61,19.47,19.25,18.69,19.02,19.26,18.99,19.32,19.45,19.98,19.9,20.78,21.33,21.39,22.42,23.6,24.92,26.81,28.34
광주,광주,총인구,1223784,1248670,1272515,1285633,1300195,1323863,1339441,1356612,1371909,1383765,1397452,1395762,1401172,1401745,1407798,1413444,1422702,1433640,1454636,1463464,1469216,1472910,1475884,1472199,1469214,1463770,1459336,1456468,1450062,1441611
광주,광주,노인인구비율,,,,4.83,4.95,5.04,5.18,5.42,5.64,5.84,6.09,6.41,6.75,7.09,7.52,8.05,8.33,8.66,8.97,9.32,9.85,10.31,10.83,11.3,11.75,12.36,12.83,13.42,14.18,14.8
대전,대전,총인구,1134843,1189039,1232823,1265081,1293760,1318212,1341413,1363546,1385606,1403164,1419573,1432296,1443471,1454638,1466158,1475659,1480895,1484180,1503664,1515603,1524583,1532811,1531809,1518775,1514370,1502227,1489936,1474870,1463882,1452251
대전,대전,노인인구비율,,,,4.62,4.72,4.86,5.02,5.25,5.47,5.72,5.97,6.26,6.59,6.86,7.21,7.72,8.05,8.39,8.66,8.96,9.38,9.83,10.34,10.9,11.33,12.03,12.65,13.47,14.4,15.23
울산,울산(울주군 제외),총인구,,,,,,861289,860277,863269,875464,885353,893716,899024,907103,913295,915391,916734,920720,919467,925298,930814,939416,947834,951985,954105,953049,944414,933781,924852,913479,899533
울산,울산(울주군 제외),노인인구비율,,,,,,2.90,3.05,3.25,3.42,3.60,3.79,4.04,4.34,4.61,4.91,5.29,5.59,5.88,6.14,6.43,6.83,7.28,7.73,8.19,8.69,9.45,10.17,11.03,12.08,13.08
울산,울산 울주군,총인구,,,,,,148363,154972,161067,164761,170265,171321,173843,174350,174353,177103,183261,191687,195399,201000,204680,207840,208646,214392,219429,219255,220718,221842,223167,222538,222059
울산,울산 울주군,노인인구비율,,,,,,7.13,7.17,7.24,7.40,7.54,7.88,8.18,8.61,9.00,9.31,9.65,9.68,9.86,9.92,10.07,10.36,10.81,11.05,11.41,11.83,12.43,13.05,13.71,14.82,15.91
경기,경기 수원시,총인구,696322,713221,729017,746610,769876,798640,854084,910045,948065,974866,1019711,1032944,1033829,1045587,1068906,1067702,1067425,1073149,1077535,1088489,1120258,1148157,1174228,1184624,1194041,1202628,1201166,1194465,1186078,1183714
경기,경기 수원시,노인인구비율,3.55,3.61,3.70,3.75,3.85,3.93,3.98,4.10,4.27,4.46,4.63,4.87,5.15,5.41,5.73,6.19,6.46,6.68,6.95,7.22,7.52,7.77,8.05,8.42,8.71,9.29,9.76,10.35,11.12,11.75
경기,경기 성남시,총인구,645311,729959,800273,886663,914240,923226,921227,921204,924390,932780,940974,962048,977166,983075,964831,953960,942447,962726,980190,979323,978615,979534,974608,971424,974580,967510,954347,942724,940064,930948
경기,경기 성남시,노인인구비율,3.57,3.73,3.92,4.11,4.22,4.40,4.58,4.82,5.05,5.28,5.54,5.85,6.19,6.53,6.96,7.44,7.87,8.21,8.57,8.94,9.47,9.96,10.46,10.95,11.26,11.94,12.58,13.35,14.17,14.83
경기,경기 의정부시,총인구,237811,253876,269701,281184,290326,306585,327965,344780,361131,367171,378424,394803,397612,402410,410938,421853,430849,431008,431801,430400,429147,430976,431112,433937,438457,441584,447026,451868,461710,463661
경기,경기 의정부시,노인인구비율,4.04,4.13,4.29,4.39,4.54,4.75,4.90,5.10,5.35,5.71,6.07,6.45,6.90,7.33,7.77,8.38,8.8,9.23,9.72,10.2,10.77,11.3,11.8,12.28,12.63,13.25,13.74,14.44,15.24,15.86
경기,경기 안양시,총인구,539775,588376,594891,593142,599163,591522,586562,582584,581166,591670,595142,604505,621047,625350,624280,624197,620279,616547,621714,615642,611412,607877,600809,597789,597414,587764,576831,567044,550027,547178
경기,경기 안양시,노인인구비율,3.73,3.79,3.95,4.09,4.24,4.42,4.60,4.79,5.04,5.22,5.44,5.69,5.93,6.19,6.49,6.90,7.22,7.55,7.87,8.2,8.63,9.08,9.54,10.01,10.32,11,11.73,12.63,13.74,14.49
경기,경기 부천시,총인구,687751,723481,756219,779745,793437,788136,778789,775573,775815,781091,816499,844256,855697,855359,860020,864037,867678,869944,875204,872452,869944,863720,855586,848987,851380,850329,843768,829996,818383,806067
경기,경기 부천시,노인인구비율,3.37,3.51,3.63,3.72,3.85,4.05,4.25,4.45,4.69,4.90,5.03,5.24,5.50,5.75,6.06,6.46,6.72,7,7.29,7.64,8.15,8.65,9.17,9.71,10.13,10.88,11.58,12.54,13.68,14.72
경기,경기 광명시,총인구,337842,341191,344094,343899,346108,342630,343933,340021,338139,336309,340807,336083,331419,327828,313372,313019,310501,314257,343982,355226,355560,353100,348560,344978,339484,332790,326841,316552,298599,292893
경기,경기 광명시,노인인구비율,4.05,4.14,4.25,4.36,4.46,4.61,4.75,4.96,5.21,5.42,5.62,5.96,6.33,6.66,7.06,7.52,7.87,8.12,8.15,8.34,8.8,9.23,9.75,10.29,10.77,11.52,12.2,13.08,13.96,14.7
경기,경기 평택시,총인구,87630,90565,96905,321636,335901,346008,346694,352181,356103,358263,358531,364979,370653,383976,396765,402458,406721,410042,419457,426886,434305,442034,449555,460532,470832,481530,495642,513027,537307,564288
경기,경기 평택시,노인인구비율,4.56,4.63,4.54,5.82,5.87,6.03,6.31,6.58,6.94,7.31,7.68,7.96,8.32,8.49,8.70,9.18,9.48,9.76,10.1,10.28,10.58,10.79,11.03,11.19,11.28,11.61,11.8,12.07,12.37,12.43
경기,경기 송탄시,총인구,91495,97653,103656,,,,,,,,,,,,,,,,,,,,,,,,,,,
경기,경기 송탄시,노인인구비율,4.35,4.49,4.59,,,,,,,,,,,,,,,,,,,,,,,,,,,
경기,경기 동두천시,총인구,69388,71284,71634,72431,72860,73644,73625,74665,75529,74266,73177,74735,79214,82623,85803,88780,90835,93211,95653,96253,97175,97557,97595,97974,98277,97071,96226,94768,94353,93592
경기,경기 동두천시,노인인구비율,5.29,5.56,5.87,6.14,6.42,6.82,7.13,7.40,7.80,8.42,9.02,9.47,9.81,10.21,10.84,11.66,12.08,12.45,12.98,13.5,14.19,14.84,15.36,15.95,16.46,17.47,18.39,19.36,20.56,21.29
경기,경기 안산시,총인구,354433,399822,457910,504615,527650,544144,546117,547759,566912,590598,628861,651625,666784,679011,698819,705040,708257,705346,714891,715586,715108,713666,707876,697885,689859,677710,660343,650918,654915,652726
경기,경기 안산시,노인인구비율,2.85,2.84,3.04,3.10,3.16,3.30,3.46,3.64,3.92,4.12,4.33,4.58,4.79,5.01,5.28,5.61,5.89,6.15,6.37,6.61,6.93,7.24,7.6,7.97,8.28,8.87,9.49,10.21,10.94,11.7
경기,경기 고양시,총인구,257654,306622,418919,563398,657226,718465,750418,772390,797597,811467,836664,865077,886000,904077,910206,924839,938831,938784,950115,961239,969916,990571,1006154,1027546,1039684,1041983,1044189,1066351,1079216,1079353
경기,경기 고양시,노인인구비율,5.42,5.39,5.17,4.94,4.95,5.04,5.20,5.44,5.72,6.03,6.35,6.66,6.98,7.29,7.69,8.13,8.47,8.74,9,9.28,9.68,10,10.35,10.71,10.97,11.55,12.12,12.69,13.5,14.28
경기,경기 과천시,총인구,72243,70963,69906,70105,70890,71128,71322,71329,71432,71201,70488,70324,68333,60956,60482,62291,69477,72049,72279,71955,71068,70578,70156,68946,63778,57527,58142,58289,63231,73345
경기,경기 과천시,노인인구비율,5.58,5.74,5.85,5.88,5.74,5.81,6.02,6.18,6.46,6.72,6.94,7.15,7.53,8.04,8.29,8.65,8.69,8.88,9.29,9.68,10.21,10.64,11.01,11.5,12.13,12.99,13.35,13.87,14.22,14.12
경기,경기 구리시,총인구,124770,126996,136794,143177,155429,164150,163758,166232,169417,184816,193214,192947,193438,192548,193847,196800,195874,195593,196398,194881,192341,189680,186820,186721,193763,200042,203553,199265,197454,191948
경기,경기 구리시,노인인구비율,4.00,4.05,4.21,4.33,4.39,4.56,4.66,4.73,4.94,4.99,5.29,5.54,5.96,6.21,6.54,6.94,7.31,7.65,8.01,8.4,8.92,9.44,9.92,10.37,10.64,11.18,11.69,12.63,13.65,14.49
경기,경기 미금시,총인구,74721,75046,74135,,,,,,,,,,,,,,,,,,,,,,,,,,,
경기,경기 미금시,노인인구비율,4.63,4.81,4.94,,,,,,,,,,,,,,,,,,,,,,,,,,,
경기,경기 남양주시,총인구,139229,145639,152839,237398,254106,278939,306553,334551,358396,375041,392614,403755,418360,450054,470617,492347,505867,525211,564141,578485,599539,618305,636256,653454,662154,665321,681828,701830,713321,733798
경기,경기 남양주시,노인인구비율,5.80,5.92,5.99,5.68,5.71,5.68,5.64,5.74,5.94,6.32,6.65,7.04,7.40,7.59,7.93,8.39,8.72,8.98,9.18,9.54,9.91,10.27,10.67,11.08,11.48,12.28,12.71,13.25,14.09,14.76
경기,경기 오산시,총인구,60967,62615,63348,69562,72518,75344,76638,84843,105933,114540,115956,118167,121326,129843,136311,145825,150237,159734,182516,193892,200291,205460,208565,206828,208656,213437,220070,226379,229725,229983
경기,경기 오산시,노인인구비율,3.95,3.95,4.00,4.07,4.13,4.20,4.27,4.30,4.16,4.34,4.69,4.93,5.09,5.04,5.33,5.53,5.71,5.96,6.17,6.37,6.58,6.82,7.05,7.43,7.68,8.14,8.45,8.95,9.6,10.26
경기,경기 시흥시,총인구,128517,131940,135903,139262,174876,221420,253329,293272,318083,337402,353860,368223,378613,387239,390477,390564,392756,397912,403797,401149,399485,396765,394639,398256,402888,419664,448687,473682,500895,512030
경기,경기 시흥시,노인인구비율,4.44,4.56,4.64,4.52,4.19,4.02,3.97,3.93,4.01,4.15,4.27,4.48,4.72,4.93,5.22,5.58,5.81,6,6.19,6.39,6.69,7.02,7.31,7.58,7.86,8.22,8.37,8.74,9.34,9.94
경기,경기 군포시,총인구,130877,177873,223212,244540,253874,261794,270138,270061,270151,269080,268559,273765,275761,277781,274569,275351,277590,275731,287833,287294,286841,286344,288408,287519,284890,281205,276916,275852,273791,268535
경기,경기 군포시,노인인구비율,3.17,3.39,3.81,3.89,3.95,4.07,4.27,4.55,4.81,5.03,5.32,5.59,5.87,6.18,6.58,6.99,7.25,7.5,7.66,7.99,8.4,8.76,9.13,9.56,10.01,10.77,11.45,12.23,13.3,14.26
경기,경기 의왕시,총인구,97641,95481,105376,109752,111562,114311,115505,116300,121292,124191,133395,143388,145535,145952,138253,135009,134488,140874,147443,149607,154757,159772,158482,157740,156763,155767,153932,161153,163795,163356
경기,경기 의왕시,노인인구비율,4.23,4.36,4.33,4.42,4.55,4.77,4.91,5.18,5.37,5.66,5.91,6.09,6.28,6.68,7.11,7.63,7.98,8.08,8.19,8.56,8.82,9.26,9.82,10.36,10.79,11.68,12.44,12.92,13.6,14.47
경기,경기 하남시,총인구,95112,96154,107521,117378,122008,125163,123836,123709,123366,123659,127541,128326,129903,132850,134824,137131,143638,148566,150479,148397,146269,145096,148896,166713,211101,232487,254415,272455,293452,320087
경기,경기 하남시,노인인구비율,4.85,4.96,4.77,4.83,4.90,5.09,5.31,5.52,5.81,6.14,6.39,6.73,7.03,7.40,7.69,8.18,8.51,8.94,9.47,9.86,10.47,11.16,11.65,11.59,11.04,11.54,11.91,12.33,12.8,12.98
경기,경기 용인시,총인구,182625,191347,209071,243785,270517,300670,318393,357126,392133,451670,525622,575255,640452,693660,766569,800294,816763,839204,876550,896044,915959,941477,961026,975746,991126,1004081,1035126,1059609,1074176,1077508
경기,경기 용인시,노인인구비율,5.46,5.51,5.42,5.21,5.20,5.18,5.19,5.27,5.42,5.61,6.02,6.41,6.66,6.94,7.23,7.70,8.09,8.4,8.63,9.05,9.52,9.89,10.23,10.67,10.99,11.64,12.08,12.63,13.32,13.95
경기,경기 파주시,총인구,164647,166496,167600,168249,171056,177136,178803,181496,191726,224658,235147,237658,246323,261770,292752,303831,311164,323011,355632,378790,394201,401718,411348,423321,430781,437848,451848,454040,465617,483245
경기,경기 파주시,노인인구비율,7.10,7.31,7.57,7.88,8.10,8.28,8.56,8.81,9.03,8.90,9.36,9.82,10.20,10.31,10.20,10.63,10.91,11.07,10.81,10.85,11.08,11.4,11.67,11.92,12.07,12.53,12.81,13.36,13.94,14.3
경기,경기 이천시,총인구,147500,148111,150805,155737,160479,171108,175400,180285,183605,187274,189526,190753,190808,192271,194369,195691,196633,197496,202595,204566,204917,205479,205014,204935,210359,213142,214206,215834,218388,223177
경기,경기 이천시,노인인구비율,6.00,6.16,6.33,6.40,6.46,6.46,6.69,6.88,7.13,7.41,7.75,8.09,8.49,8.77,9.08,9.52,9.77,10.05,10.2,10.48,10.84,11.2,11.64,12.02,12.07,12.64,13.07,13.55,14.26,14.8
경기,경기 안성시,총인구,120450,120914,122318,124671,125839,128339,129957,132093,136590,141605,147898,151522,154110,157130,159655,163733,169545,170919,177937,180743,181608,182173,181896,180199,182896,182786,183579,183405,187012,189534
경기,경기 안성시,노인인구비율,7.88,8.14,8.32,8.48,8.68,8.89,9.22,9.61,9.82,10.15,10.41,10.69,11.10,11.29,11.58,11.95,12.01,12.36,12.4,12.59,13.05,13.37,13.74,14.34,14.55,15.39,15.97,16.75,17.56,18.27
경기,경기 김포시,총인구,110786,114974,117235,108439,113512,124194,127865,148066,162997,180404,193438,203391,208192,207229,207824,205997,220418,225805,238339,256994,287432,312305,340310,349990,363443,392092,423170,437221,473970,486508
경기,경기 김포시,노인인구비율,6.72,6.77,6.92,6.97,7.03,6.90,7.08,6.82,6.90,7.10,7.34,7.65,8.01,8.41,8.79,9.41,9.57,9.93,10.13,10.28,10.23,10.42,10.49,10.87,11.14,11.38,11.47,11.96,12.26,12.9
경기,경기 화성시,총인구,181385,182216,163596,163445,167303,176702,178743,183166,191444,210524,226930,236226,271563,296530,310171,371972,449354,491528,505838,516765,525490,530251,540862,596525,640890,691086,758722,815396,855248,887015
경기,경기 화성시,노인인구비율,7.24,7.53,8.06,8.28,8.40,8.52,8.81,9.09,9.30,9.16,9.05,9.19,8.85,8.56,8.69,8.22,7.7,7.58,7.61,7.77,7.97,8.26,8.48,8.28,8.25,8.4,8.37,8.52,8.91,9.3
경기,경기 광주시,총인구,83094,85284,87190,92815,101464,110242,114789,123865,139339,152878,175614,191466,205641,214498,222048,229319,234777,238583,249789,265222,275656,286699,298858,312579,327723,345947,363782,372654,382054,387289
경기,경기 광주시,노인인구비율,6.15,6.17,6.29,6.26,6.21,6.26,6.42,6.55,6.56,6.70,6.82,6.89,7.08,7.35,7.70,8.12,8.42,8.75,8.95,9.1,9.51,9.84,10.19,10.5,10.74,11.33,11.78,12.44,13.37,14.29
경기,경기 양주시,총인구,88535,90706,91222,94157,96896,101310,101810,108309,117319,135748,143124,148062,152596,160589,169806,179914,179914,182106,196706,200360,200310,199143,202072,205184,205513,212146,216951,222314,230359,236368
경기,경기 양주시,노인인구비율,5.75,5.86,6.00,6.10,6.23,6.36,6.62,6.72,6.93,6.93,7.17,7.50,7.84,8.09,8.56,9.11,9.58,10.03,10.15,10.57,11.15,11.77,12.18,12.67,13,13.72,14.34,15.03,15.73,16.51
경기,경기 포천시,총인구,118930,121998,123381,128181,134487,141741,143257,144912,145981,146272,152507,150240,150364,155242,157269,158156,160176,158931,158658,157967,157559,156603,155798,155192,154763,152925,150676,148379,147274,148939
경기,경기 포천시,노인인구비율,7.02,7.06,7.34,7.42,7.43,7.46,7.72,8.02,8.42,8.83,9.00,9.56,10.12,10.52,11.00,11.54,11.91,12.35,12.74,13.22,13.81,14.39,14.94,15.4,15.7,16.64,17.46,18.61,19.9,20.87
경기,경기 여주시,총인구,95913,95953,95661,96891,99557,100634,101223,101478,103622,104648,104380,104030,103976,104260,105022,106926,107355,108088,109250,109120,109550,109343,110386,111033,111563,111984,111525,111083,111897,112150
경기,경기 여주시,노인인구비율,7.83,8.17,8.42,8.68,8.89,9.12,9.40,9.85,10.21,10.59,11.24,11.85,12.42,12.84,13.43,13.93,14.28,14.66,15.06,15.46,16.08,16.67,16.92,17.32,17.73,18.83,19.69,20.77,21.87,23.05
경기,경기 연천군,총인구,56136,55777,54862,54803,55117,55154,54365,53766,52786,51655,50372,49508,48687,47123,46075,45603,45495,45241,45177,44900,45599,45610,45363,45725,45907,45431,44633,43824,43516,42721
경기,경기 연천군,노인인구비율,7.75,8.04,8.48,8.81,9.14,9.52,10.05,10.59,11.40,12.16,13.01,13.92,14.77,15.66,16.50,17.48,18.05,18.75,19.49,20.24,20.5,21.03,21.8,21.94,22.14,22.94,23.77,25.08,26.4,27.65
경기,경기 가평군,총인구,53722,53925,54061,55005,56203,56613,56334,56386,56111,56045,55506,55060,54845,54861,54855,55698,57108,57564,58890,59358,60794,61017,61213,62008,62448,62973,62918,62415,62377,62264
경기,경기 가평군,노인인구비율,9.02,9.33,9.75,10.03,10.32,10.72,11.23,11.88,12.73,13.57,14.14,14.69,15.38,16.06,16.53,17.48,17.85,18.4,19.06,19.43,19.86,20.52,21.03,21.53,21.73,22.66,23.53,24.71,26.17,27.36
경기,경기 양평군,총인구,77593,77111,76548,78749,81314,81502,81200,81885,82773,82704,82992,83730,84673,85533,86298,87874,89812,91450,95833,99430,102193,103620,105379,108316,111367,115105,116095,116874,118810,121230
경기,경기 양평군,노인인구비율,9.98,10.46,10.88,11.10,11.27,11.69,12.15,12.74,13.30,14.07,14.67,15.23,15.80,16.38,16.90,17.51,17.92,18.33,18.5,18.82,19.37,19.9,20.43,20.93,21.2,22.23,23.17,24.34,25.7,26.71
강원,강원 춘천군,총인구,42289,41681,40865,,,,,,,,,,,,,,,,,,,,,,,,,,,
강원,강원 춘천군,노인인구비율,11.03,11.80,12.22,,,,,,,,,,,,,,,,,,,,,,,,,,,
강원,강원 춘천시,총인구,179198,183192,187159,232682,235729,240226,244076,248370,251212,251142,252624,253363,254323,254999,256239,258141,261975,264849,269950,272805,273364,274455,275791,277997,280707,280514,280640,281291,282765,284594
강원,강원 춘천시,노인인구비율,5.67,5.84,6.03,7.34,7.47,7.61,7.77,7.99,8.31,8.81,9.27,9.78,10.33,10.84,11.40,11.98,12.37,12.72,13.11,13.48,14,14.38,14.64,14.78,14.85,15.65,16.22,16.94,17.88,18.61
강원,강원 원주군,총인구,49157,50430,50954,,,,,,,,,,,,,,,,,,,,,,,,,,,
강원,강원 원주군,노인인구비율,10.17,10.26,10.59,,,,,,,,,,,,,,,,,,,,,,,,,,,
강원,강원 원주시,총인구,171356,175910,179828,237537,244535,254271,260355,265073,270009,274266,276889,280738,284628,288454,294155,298762,303975,307882,314678,320536,323885,324837,327292,332995,337979,341337,344070,349215,354376,357757
강원,강원 원주시,노인인구비율,5.33,5.42,5.55,6.81,6.85,6.98,7.21,7.46,7.72,8.09,8.44,8.88,9.28,9.63,10.00,10.36,10.63,10.85,11.08,11.29,11.62,11.95,12.18,12.34,12.5,13.26,13.72,14.31,15.07,15.87
강원,강원 강릉시,총인구,151768,153624,155510,223539,224111,225528,229449,232067,233121,231943,229869,229073,227259,224391,222016,220484,218399,217464,218503,217571,217741,216806,215807,214560,213846,213952,212957,213442,213321,212965
강원,강원 강릉시,노인인구비율,5.80,5.94,6.11,7.43,7.55,7.74,7.98,8.19,8.59,9.03,9.53,10.06,10.61,11.21,11.83,12.58,13.13,13.73,14.3,14.82,15.45,16.08,16.69,17.21,17.62,18.59,19.35,20.2,21.32,22.22
강원,강원 명주군,총인구,70086,68799,67407,,,,,,,,,,,,,,,,,,,,,,,,,,,
강원,강원 명주군,노인인구비율,9.05,9.46,9.77,,,,,,,,,,,,,,,,,,,,,,,,,,,
강원,강원 동해시,총인구,96293,97734,99126,100277,101912,103112,103474,103704,103654,103570,102857,101764,100727,99230,97497,96652,95652,95271,95236,95804,93897,95143,94562,93895,93297,92851,91272,90522,90593,90081
강원,강원 동해시,노인인구비율,5.96,6.05,6.24,6.43,6.67,6.80,7.06,7.37,7.71,8.02,8.43,8.95,9.48,10.06,10.71,11.53,12.12,12.7,13.19,13.55,14.25,14.72,15.29,15.86,16.21,17.1,18.11,19.15,20.19,21.14
강원,강원 태백시,총인구,79343,71890,68129,64850,62436,60438,59896,58588,57023,56193,55154,53948,53264,52463,51593,51490,51028,50424,50864,50176,49493,48794,48258,47501,47070,45888,44858,43866,42719,40844
강원,강원 태백시,노인인구비율,3.91,4.35,4.76,5.17,5.51,5.87,6.22,6.83,7.27,8.00,8.57,9.26,10.03,10.67,11.40,12.29,13,13.62,14.82,15.36,16.19,17.17,18.06,18.97,19.69,20.98,22.16,23.54,25.19,26.45
강원,강원 속초시,총인구,74730,76577,78549,80625,82472,85263,86923,88764,90032,90231,90029,89047,87933,87124,86073,85370,84599,83822,84302,83745,83579,83109,82432,81992,81793,82273,81682,81786,82665,82791
강원,강원 속초시,노인인구비율,6.30,6.47,6.67,6.75,6.76,6.80,6.87,7.15,7.50,7.82,8.23,8.62,9.15,9.72,10.36,11.05,11.65,12.17,12.67,13.18,13.8,14.31,14.87,15.23,15.59,16.37,17.08,18.12,19.2,20.14
강원,강원 삼척군,총인구,58544,55001,50928,,,,,,,,,,,,,,,,,,,,,,,,,,,
강원,강원 삼척군,노인인구비율,7.46,8.13,8.82,,,,,,,,,,,,,,,,,,,,,,,,,,,
강원,강원 삼척시,총인구,41453,41697,41821,90005,87303,86016,85846,84523,82177,79770,77434,75759,74301,73134,71750,70791,70954,71935,72046,72312,72463,73023,72314,70839,69599,68514,68326,67228,65243,63429
강원,강원 삼척시,노인인구비율,6.36,6.54,6.76,8.40,8.91,9.40,9.74,10.36,11.15,11.89,12.67,13.38,14.18,15.00,15.71,16.63,17.09,17.38,17.91,18.1,18.57,19.06,19.7,20.51,20.99,22.03,22.66,23.81,25.4,26.62
강원,강원 홍천군,총인구,79408,78047,76891,75924,75493,75105,75251,74939,74461,74019,72514,71351,71907,70811,70037,70142,70360,69606,69893,69899,69727,70638,70451,70336,70076,70340,69949,69150,69242,68365
강원,강원 홍천군,노인인구비율,8.71,9.00,9.31,9.77,10.02,10.33,10.74,11.27,11.93,12.76,13.71,14.51,15.07,15.91,16.67,17.29,17.79,18.43,18.87,19.35,19.87,20.04,20.44,20.96,21.31,22.6,23.45,24.83,26.19,27.92
강원,강원 횡성군,총인구,51447,50343,49350,48773,48112,47081,47362,46822,45961,45496,45198,44306,44297,43678,42982,43176,43413,44121,44254,44360,44615,44937,45373,45777,45991,46281,46726,46575,46472,46481
강원,강원 횡성군,노인인구비율,10.31,10.67,11.04,11.65,12.00,12.31,12.58,13.21,13.86,14.84,15.71,16.68,17.48,18.51,19.56,20.37,20.8,21.1,21.72,22.23,23.03,23.66,23.88,24.24,24.62,25.98,26.63,27.89,29.48,31.09
강원,강원 영월군,총인구,58781,56473,54886,53398,51787,50498,50287,49746,48393,52101,45273,44027,42406,41538,40511,40290,40201,40265,40407,40199,40155,40150,40191,40216,40073,40067,39730,39127,38662,37904
강원,강원 영월군,노인인구비율,8.62,8.80,9.43,9.97,10.52,11.01,11.44,12.14,12.96,12.96,14.82,15.89,17.14,18.19,19.15,20.12,20.73,21.23,21.64,22.11,22.71,23.39,23.89,24.32,24.74,25.89,26.85,28.17,29.74,30.96
강원,강원 평창군,총인구,53352,51716,50535,49781,49361,48811,48746,48003,47125,46478,46262,46375,45311,45033,44332,44003,43706,43634,43622,43577,43627,43666,43660,43500,43318,43092,42610,42106,41681,40996
강원,강원 평창군,노인인구비율,8.66,8.99,9.29,9.72,9.95,10.27,10.64,11.02,11.59,12.51,13.24,13.95,15.07,15.97,16.91,17.62,18.21,18.72,19.42,19.93,20.61,21.34,21.83,22.29,22.71,24.13,25.05,26.6,28.38,29.99
강원,강원 정선군,총인구,80121,72890,66160,61115,57350,54668,53849,51734,50572,49048,51226,46225,45419,44203,43186,41806,41269,40708,41045,40181,39915,39985,39425,39197,38718,38173,37700,37271,36870,35675
강원,강원 정선군,노인인구비율,5.79,6.38,7.06,7.87,8.36,9.08,9.53,10.18,10.68,11.29,11.60,12.81,13.62,14.66,15.53,16.83,17.61,18.31,19.25,19.86,20.51,21.27,22.09,22.63,23.27,24.44,25.22,26.39,27.98,29.22
강원,강원 철원군,총인구,55192,54720,54268,54281,54295,54194,54500,53946,53190,52072,50532,50212,49650,48933,48024,47420,47724,47669,48928,48084,47968,47473,47590,48799,48013,47185,46413,45584,44699,43340
강원,강원 철원군,노인인구비율,7.66,8.06,8.35,8.52,8.63,8.75,8.89,9.08,9.55,10.08,10.80,11.33,12.00,12.85,13.68,14.70,15.3,15.94,16.28,16.93,17.68,18.35,18.7,18.57,18.98,19.63,20.39,21.56,22.75,23.81
강원,강원 화천군,총인구,26748,26629,26318,26321,26010,25627,25916,25544,25188,24965,24088,24540,24267,23732,23317,22944,24110,24216,24364,24945,25020,25079,27143,27020,26264,26022,25084,24917,24857,24195
강원,강원 화천군,노인인구비율,8.79,9.00,9.23,9.29,9.59,9.88,10.19,10.67,11.09,11.90,12.87,13.28,14.11,15.06,16.15,17.30,17.1,17.5,18.08,18.08,18.4,18.61,17.65,17.84,18.3,19.01,20.19,21.35,22.57,23.67
강원,강원 양구군,총인구,25270,24802,24560,24233,24047,23778,24027,23756,23420,23198,22527,21995,21692,21480,21269,21401,21303,21323,21843,22285,22799,23594,23888,24089,24010,23835,23408,22764,22278,21748
강원,강원 양구군,노인인구비율,8.03,8.37,8.74,9.05,9.41,9.59,9.81,10.12,10.70,11.41,12.15,12.96,13.61,14.38,15.15,15.96,16.5,17.19,17.2,17.06,17.05,16.99,16.96,16.95,17.11,17.87,18.47,19.74,21.11,22.5
강원,강원 인제군,총인구,35686,35251,35306,35079,34670,34187,34288,34090,33618,33092,32447,32092,32443,32811,32493,32079,31620,31452,31842,31970,32456,32517,32475,33255,32720,32582,32136,31672,31694,32165
강원,강원 인제군,노인인구비율,8.06,8.40,8.52,8.73,8.90,9.12,9.26,9.56,9.93,10.71,11.43,12.20,12.72,13.13,13.94,14.76,15.37,15.88,16.04,16.3,16.63,16.83,17.05,16.76,17.12,17.98,18.71,19.56,20.6,21.45
강원,강원 고성군,총인구,41592,40482,39454,39005,38142,37384,37319,36369,35391,34643,33721,32739,32361,31964,31285,30383,30172,30272,30112,30057,30124,30398,30269,30060,30114,30029,28144,27260,26757,27249
강원,강원 고성군,노인인구비율,8.94,9.46,9.81,10.13,10.47,10.73,10.97,11.38,11.93,12.70,13.66,14.69,15.61,16.34,17.39,18.74,19.47,20.04,20.74,21.45,21.91,22.24,22.76,23.27,23.75,24.31,26.35,28.1,29.69,30.22
강원,강원 양양군,총인구,32292,31913,31300,31063,30906,30919,31103,30941,30141,30180,30076,29480,29187,29132,28661,28472,28115,27957,27929,27942,27802,27659,27521,27479,27218,27207,27347,27726,27946,27913
강원,강원 양양군,노인인구비율,9.60,9.83,10.04,10.42,10.75,11.02,11.22,11.58,12.60,13.17,13.90,14.81,15.58,16.61,17.54,18.65,19.7,20.5,21.27,21.99,22.97,23.81,24.58,25.19,25.65,26.88,27.63,28.66,29.75,31.06
충북,충북 청주시,총인구,471118,489033,504221,519072,530836,544115,557405,569072,580861,592504,603941,615155,624288,630939,626679,633286,638663,643161,655971,661946,666852,672904,831521,831912,835197,835590,837749,839566,844993,848482
충북,충북 청주시,노인인구비율,4.42,4.43,4.50,4.56,4.61,4.70,4.83,5.05,5.27,5.52,5.74,5.97,6.25,6.48,6.89,7.33,7.57,7.81,8.03,8.27,8.62,8.99,10.35,10.66,10.96,11.55,12.04,12.67,13.41,14.13
충북,충북 중원군,총인구,68538,67749,65874,,,,,,,,,,,,,,,,,,,,,,,,,,,
충북,충북 중원군,노인인구비율,10.34,10.75,11.31,,,,,,,,,,,,,,,,,,,,,,,,,,,
충북,충북 충주시,총인구,138300,140977,144796,212872,215151,217638,218846,218763,217305,215249,211980,209138,207534,205907,204610,205064,206372,206613,208481,208433,208447,208115,208527,207913,208350,208316,210504,210737,210186,209358
충북,충북 충주시,노인인구비율,5.24,5.35,5.46,7.49,7.65,7.87,8.21,8.64,9.13,9.65,10.18,10.78,11.44,11.99,12.63,13.33,13.7,14.13,14.37,14.71,15.21,15.63,15.97,16.33,16.7,17.62,18.12,18.89,19.91,20.92
충북 ,충북 제천군,총인구,36969,36083,35158,,,,,,,,,,,,,,,,,,,,,,,,,,,
충북 ,충북 제천군,노인인구비율,10.98,11.34,11.97,,,,,,,,,,,,,,,,,,,,,,,,,,,
충북,충북 제천시,총인구,107522,109195,110080,146087,147090,147901,147942,148155,147950,144968,143231,140676,138872,138201,136398,136218,135738,135580,137264,137689,137521,137204,136805,136138,136517,136432,135386,134617,133018,131591
충북,충북 제천시,노인인구비율,5.12,5.27,5.42,7.24,7.35,7.60,7.94,8.34,8.85,9.41,9.95,10.63,11.39,11.98,12.66,13.49,14.04,14.5,14.85,15.14,15.78,16.33,16.85,17.33,17.68,18.83,19.66,20.64,21.99,23.28
충북,충북 청원군,총인구,120070,119549,117871,117560,119843,121794,123385,122922,123984,124181,122782,121235,119745,119784,136538,143021,148063,149783,152944,158369,154780,155002,,,,,,,,
충북,충북 청원군,노인인구비율,9.06,9.43,9.87,10.23,10.43,10.72,11.09,11.54,12.10,12.62,13.22,13.86,14.60,15.08,13.99,14.17,14.25,14.36,14.44,14.33,14.24,14.53,,,,,,,,
충북,충북 보은군,총인구,53513,51814,49891,48460,47242,45980,45554,44562,43245,42082,40420,38973,38062,37114,36293,35354,35069,34845,34956,34717,34438,34318,34240,34296,34221,34053,33680,32949,32412,31878
충북,충북 보은군,노인인구비율,11.19,11.93,12.69,13.35,13.85,14.70,15.47,16.14,17.36,18.50,19.80,20.89,22.26,23.21,24.19,25.66,26.49,27.12,27.22,27.72,28.36,28.71,29.26,29.52,29.77,30.72,31.62,33.11,34.61,36.09
충북,충북 옥천군,총인구,69031,67312,65519,64694,63703,63075,62708,61845,60798,59515,58461,57505,56634,55610,54923,54608,54475,54117,54025,53496,53244,52763,52469,52404,52267,51766,51465,51023,50527,50093
충북,충북 옥천군,노인인구비율,9.69,10.25,10.72,11.12,11.53,12.05,12.68,13.40,14.39,15.34,16.14,16.84,17.69,18.17,18.94,20.09,20.59,21.11,21.48,21.9,22.44,23.18,23.92,24.68,25.36,26.5,27.44,28.53,29.85,31.1
충북,충북 영동군,총인구,66613,65388,64073,62966,62052,61205,60890,60094,58627,57184,55752,54036,52597,51800,50819,50131,50276,50426,50523,50621,50663,50539,50803,50693,50552,50240,49715,48738,47475,45773
충북,충북 영동군,노인인구비율,10.55,11.26,11.77,12.22,12.72,13.27,13.83,14.41,15.27,16.37,17.32,18.44,19.70,20.40,21.42,22.96,23.5,24.1,24.63,24.9,25.27,25.83,26.3,26.87,27.2,28.09,28.91,29.96,31.77,33.41
충북,충북 증평군,총인구,,,,,,,,,,,,31310,30899,30607,30483,31145,32179,33164,33533,34009,34279,34546,34771,36671,37308,37783,37317,37392,36807,36426
충북,충북 증평군,노인인구비율,,,,,,,,,,,,10.27,10.93,11.39,11.83,12.32,12.56,12.73,13.13,13.3,13.61,13.98,14.24,14.04,14.27,14.89,15.67,16.43,17.43,18.62
충북,충북 진천군,총인구,55902,56290,56300,56810,57975,59031,59177,58979,60121,60309,59699,59724,60347,60155,60111,60154,60715,61456,62094,63051,63458,64606,65174,67981,69950,73677,78218,81084,83718,85176
충북,충북 진천군,노인인구비율,8.75,9.08,9.39,9.56,9.56,9.73,10.25,10.64,11.09,11.58,12.30,12.72,13.18,13.60,14.14,14.76,15.07,15.17,15.44,15.5,15.73,15.94,16.34,16.16,16.16,16.14,15.85,16.04,16.44,16.94
충북,충북 괴산군,총인구,55028,53137,51042,49606,48219,47068,46272,45468,44380,43126,41827,40411,39586,38595,37570,36873,36566,36775,36827,37333,37713,38059,38351,38787,38973,39054,39133,39163,39393,38122
충북,충북 괴산군,노인인구비율,11.34,12.01,12.72,13.35,14.00,14.73,15.56,16.40,17.59,18.80,20.14,21.41,22.68,24.07,25.27,26.60,27.26,27.69,28.01,27.91,28.16,28.48,29.13,29.53,29.74,30.47,30.93,31.99,33.4,35.58
충북,충북 음성군,총인구,80009,81298,81578,83682,85345,87104,87023,87747,87956,87289,86562,85771,85638,85969,86789,88355,89542,89716,91093,91644,92980,93505,95324,96396,97787,97306,95830,94982,93153,92197
충북,충북 음성군,노인인구비율,8.92,9.17,9.57,9.67,9.77,10.06,10.48,10.84,11.33,11.90,12.42,12.93,13.54,13.98,14.44,14.89,15.18,15.47,15.87,16.11,16.39,16.7,16.87,17.13,17.29,18.17,19.1,20.07,21.45,22.54
충북,충북 단양군,총인구,49081,47598,46060,44327,43593,42738,42302,41137,40000,38721,37320,35701,34743,34122,33346,32399,31929,31842,31817,31595,31253,31171,30948,30761,30503,30215,30255,29756,29155,28331
충북,충북 단양군,노인인구비율,8.29,8.78,9.32,9.89,10.28,10.62,11.23,11.90,12.75,13.68,14.75,15.94,17.14,18.16,19.05,20.32,21.06,21.64,22.11,22.52,23.27,24.04,24.91,25.45,25.89,27.03,27.68,29.05,30.96,32.78
충남,충남 천안군,총인구,98722,102628,104810,,,,,,,,,,,,,,,,,,,,,,,,,,,
충남,충남 천안군,노인인구비율,8.41,8.56,8.75,,,,,,,,,,,,,,,,,,,,,,,,,,,
충남,충남 천안시,총인구,195368,203091,212242,333630,350473,370928,383990,403017,421418,432534,441243,456501,503082,512482,523323,531956,537698,540832,557673,571377,581988,591089,598346,605776,617955,631531,646075,652258,658808,658486
충남,충남 천안시,노인인구비율,4.28,4.36,4.37,5.76,5.77,5.81,5.94,6.05,6.19,6.38,6.58,6.71,6.69,6.83,7.04,7.37,7.61,7.86,7.95,8.06,8.27,8.54,8.79,9.05,9.22,9.59,9.83,10.3,10.95,11.56
충남,충남 공주군,총인구,86573,83530,,,,,,,,,,,,,,,,,,,,,,,,,,,,
충남,충남 공주군,노인인구비율,10.70,11.53,,,,,,,,,,,,,,,,,,,,,,,,,,,,
충남,충남 공주시,총인구,57059,57858,139101,138069,137705,136617,136988,136819,135589,133978,132584,130957,130280,129489,128330,126612,125143,124172,124930,124748,117298,116369,113621,111261,109931,108432,107581,106474,104545,103145
충남,충남 공주시,노인인구비율,5.92,6.04,2.60,10.08,10.55,11.00,11.41,11.90,12.50,13.10,13.65,14.18,14.85,15.33,15.90,16.88,17.32,17.88,18.05,18.26,18.67,19.31,20.32,21.37,22.03,23.06,23.75,24.84,26.47,27.61
충남,충남 대천시,총인구,54715,54894,,,,,,,,,,,,,,,,,,,,,,,,,,,,
충남,충남 대천시,노인인구비율,5.05,5.31,,,,,,,,,,,,,,,,,,,,,,,,,,,,
충남,충남 보령군,총인구,76261,72961,,,,,,,,,,,,,,,,,,,,,,,,,,,,
충남,충남 보령군,노인인구비율,9.33,10.07,,,,,,,,,,,,,,,,,,,,,,,,,,,,
충남,충남 보령시,총인구,,,124775,122895,121961,121765,122191,120721,118504,116306,113365,110380,108861,108056,107591,107637,106885,106754,107346,106421,105559,104938,104321,104754,103873,103198,101990,101114,100229,98408
충남,충남 보령시,노인인구비율,,,8.50,8.94,9.34,9.83,10.22,10.82,11.54,12.31,13.04,13.93,14.69,15.21,15.84,16.64,17.22,17.66,18.03,18.56,19.38,20.14,20.91,21.44,22.11,22.89,23.65,24.71,26.15,27.29
충남,충남 온양시,총인구,61656,65299,,,,,,,,,,,,,,,,,,,,,,,,,,,,
충남,충남 온양시,노인인구비율,5.74,5.81,,,,,,,,,,,,,,,,,,,,,,,,,,,,
충남,충남 아산군,총인구,89817,88338,,,,,,,,,,,,,,,,,,,,,,,,,,,,
충남,충남 아산군,노인인구비율,9.47,10.03,,,,,,,,,,,,,,,,,,,,,,,,,,,,
충남,충남 아산시,총인구,,,154775,158214,166503,175658,179199,180618,184191,186469,191123,193122,200938,204431,211560,221490,240942,256449,265191,274523,280490,287073,293954,297737,302929,311453,312822,314395,316129,324580
충남,충남 아산시,노인인구비율,,,8.43,8.50,8.45,8.53,8.84,9.12,9.41,9.78,10.11,10.53,10.64,10.79,10.87,11.02,10.65,10.43,10.47,10.52,10.72,10.93,11.08,11.37,11.58,11.87,12.21,12.74,13.4,13.74
충남,충남 서산군,총인구,86420,84510,,,,,,,,,,,,,,,,,,,,,,,,,,,,
충남,충남 서산군,노인인구비율,8.47,9.06,,,,,,,,,,,,,,,,,,,,,,,,,,,,
충남,충남 서산시,총인구,55181,56195,140253,142222,145968,149585,150618,150763,150028,150116,148150,151818,150131,150294,150889,153569,156867,158886,160468,161489,163315,165837,167611,170099,170788,171678,174162,174690,175591,176645
충남,충남 서산시,노인인구비율,5.24,5.36,7.86,8.02,8.11,8.45,8.91,9.47,10.11,10.76,11.40,11.81,12.37,12.63,13.10,13.68,13.88,14.11,14.24,14.5,14.81,15.14,15.62,15.96,16.41,16.9,17.16,17.8,18.47,19.15
충남,충남 논산시,총인구,157112,153237,149968,150012,148712,147265,146629,144488,142390,140287,137419,135719,135572,134217,131466,129486,127797,127097,127507,127533,126653,125844,124784,124232,123213,122240,120230,118842,116675,114483
충남,충남 논산시,노인인구비율,9.05,9.67,10.10,10.41,10.77,11.29,11.81,12.38,13.08,13.76,14.43,15.04,15.58,16.07,16.96,17.98,18.69,19.17,19.51,19.65,20.31,20.95,21.63,22.22,22.77,23.42,24.25,25.33,26.65,27.76
충남,충남 계룡시,총인구,,,,,,,,,,,,31058,31174,34370,36846,37775,41411,42760,43088,42942,41550,40957,40552,41730,42634,43967,43731,42971,42822,43331
충남,충남 계룡시,노인인구비율,,,,,,,,,,,,6.10,6.34,6.22,6.49,6.72,6.69,6.82,7.09,7.34,7.71,8.04,8.5,8.61,9.02,9.5,10.17,11.09,12.01,12.71
충남,충남 금산군,총인구,75986,72704,69726,70831,72114,70125,67760,65287,64515,62985,61350,60740,60048,58378,57552,57690,56740,56220,56555,56030,55715,55441,55166,54879,54612,53894,53222,52257,51413,50477
충남,충남 금산군,노인인구비율,9.34,9.98,10.62,11.14,11.28,12.09,13.09,14.05,14.95,15.95,16.89,17.76,18.70,19.60,20.47,21.50,22.28,22.69,22.87,23.27,23.97,24.66,25.41,26.11,26.75,27.8,28.52,29.88,31.27,32.7
충남,충남 연기군,총인구,85688,83687,82278,80748,80895,80274,80601,80947,80471,81328,82323,82733,84455,84308,82747,79977,78645,79482,81871,82890,,,,,,,,,,
충남,충남 연기군,노인인구비율,8.92,9.36,9.76,10.27,10.52,10.92,11.31,11.74,12.31,12.69,13.03,13.44,13.93,14.41,15.10,15.87,16.26,16.32,16.34,16.43,,,,,,,,,,
충남,충남 부여군,총인구,112754,109688,106235,103516,100746,98138,97065,95044,92667,90373,88014,85275,83260,81430,79595,77916,76687,75564,75029,74004,73259,72547,71754,71143,70187,69086,68078,66740,65354,63774
충남,충남 부여군,노인인구비율,9.93,10.74,11.35,11.97,12.70,13.61,14.29,15.07,16.10,17.18,18.16,19.17,20.15,20.92,21.96,23.27,23.96,24.61,25.14,25.59,26.23,26.92,27.98,28.86,29.6,30.7,31.59,33.04,34.71,36.38
충남,충남 서천군,총인구,92307,89702,87151,85184,82932,80973,80078,77953,75259,72787,70116,67414,65650,64322,62629,61168,60507,60066,60085,59541,58920,58441,57713,56910,56012,55175,53922,52805,51866,50745
충남,충남 서천군,노인인구비율,10.22,10.96,11.70,12.37,13.14,14.14,14.96,15.70,16.79,17.91,19.01,20.16,21.32,22.06,22.97,24.45,25.27,25.95,26.36,26.89,27.99,28.94,29.79,30.67,31.39,32.5,33.47,34.88,36.61,38.06
충남,충남 청양군,총인구,50752,48998,47240,45714,44544,43404,42920,42109,41025,40029,38588,36992,35626,34921,34086,33604,33062,32613,32541,32291,32087,32155,32248,32485,32753,32837,32296,31717,30948,30440
충남,충남 청양군,노인인구비율,10.72,11.49,12.28,13.16,14.01,14.94,15.72,16.80,17.93,19.22,20.62,22.07,23.38,24.28,25.48,26.77,27.35,28.11,28.4,28.97,29.55,30.18,30.94,31.33,31.54,31.85,32.56,33.93,35.73,37.1
충남,충남 홍성군,총인구,106339,104609,102737,101458,99649,99077,98920,97288,95369,93558,91377,94658,91223,90931,89555,88685,88176,87631,88078,88108,88415,89704,91866,94553,99971,101570,101082,100423,100102,99324
충남,충남 홍성군,노인인구비율,8.80,9.23,9.74,10.22,10.75,11.41,11.96,12.83,13.81,14.77,15.65,16.05,17.06,17.47,18.24,19.18,19.67,20.23,20.44,20.79,21.19,21.52,21.78,21.81,21.32,21.56,22.12,22.89,23.98,24.77
충남,충남 예산군,총인구,116732,114566,112050,109962,108029,106248,105346,103763,101432,100289,97786,95029,91832,90740,89585,88670,88144,87163,87002,86421,85876,85205,84919,83484,81339,80338,80083,79238,78084,76801
충남,충남 예산군,노인인구비율,8.93,9.41,9.93,10.46,11.01,11.64,12.36,13.10,14.06,15.02,16.01,17.07,18.04,18.62,19.36,20.51,21.07,21.68,22,22.42,23.25,24.04,24.77,25.88,27.05,28.13,28.8,29.92,31.54,32.89
충남,충남 태안군,총인구,77909,76050,73991,72168,70466,70043,70056,69162,68746,67878,66062,63930,63764,63794,63754,63042,63401,63095,63247,62747,62548,62416,62574,63484,63900,63932,63238,62743,62214,61526
충남,충남 태안군,노인인구비율,7.89,8.42,8.88,9.32,9.97,10.79,11.48,12.19,12.93,13.90,14.77,15.80,16.75,17.20,17.97,19.34,20.16,21,21.56,22.31,23.27,24.39,25.24,25.76,26.4,27.38,28.41,29.59,31.11,32.73
충남,충남 당진시,총인구,122602,121465,120838,122093,124573,125153,125360,124584,122495,120445,118395,116477,117510,120483,124925,136254,136432,138798,144903,150219,155104,159615,162844,165122,166630,167439,167770,167042,166249,167092
충남,충남 당진시,노인인구비율,8.71,9.17,9.55,9.68,9.81,10.21,10.70,11.35,12.22,13.10,13.92,14.80,15.40,15.53,15.72,15.63,15.96,16.03,15.68,15.53,15.68,15.75,15.95,16.26,16.47,16.95,17.28,17.92,18.85,19.46
전북,전북 전주시,총인구,538807,549152,558121,569804,582136,588885,599196,610566,620521,622283,624485,618819,622472,621749,624849,623926,631532,635007,641525,645894,648863,650082,652877,652282,651744,648964,651091,654394,657432,657269
전북,전북 전주시,노인인구비율,4.95,5.07,5.20,5.28,5.35,5.52,5.68,5.96,6.19,6.48,6.78,7.13,7.49,7.82,8.20,8.83,9.08,9.33,9.6,9.99,10.55,11.03,11.52,12.1,12.51,13.12,13.6,14.24,14.99,15.67
전북,전북 옥구군,총인구,69318,66810,65075,,,,,,,,,,,,,,,,,,,,,,,,,,,
전북,전북 옥구군,노인인구비율,9.59,10.37,10.92,,,,,,,,,,,,,,,,,,,,,,,,,,,
전북,전북 군산시,총인구,199943,204505,207696,275819,278069,280648,280666,279644,277491,276717,272007,268639,265168,263120,260989,260562,263845,266922,272601,275659,278341,278319,278098,278398,277551,274997,272645,270131,267859,265304
전북,전북 군산시,노인인구비율,4.89,4.99,5.15,6.69,6.89,7.15,7.49,7.70,8.08,8.47,8.93,9.41,9.92,10.33,10.91,11.64,11.91,12.11,12.31,12.67,13.21,13.68,14.22,14.84,15.42,16.21,16.84,17.79,18.93,19.87
전북,전북 이리시,총인구,,216655,222381,,,,,,,,,,,,,,,,,,,,,,,,,,,
전북,전북 이리시,노인인구비율,,,,,,,,,,,,,,,,,,,,,,,,,,,,,,
전북,전북 익산군,총인구,106891,103810,101215,,,,,,,,,,,,,,,,,,,,,,,,,,,
전북,전북 익산군,노인인구비율,9.69,10.34,10.91,,,,,,,,,,,,,,,,,,,,,,,,,,,
전북,전북 익산시,총인구,209459,320465,323596,328152,328162,330310,333788,335277,334324,334757,330101,325238,322378,318506,315094,313590,309269,306669,307289,309804,306469,306539,304117,302061,300479,300187,294062,287771,282276,278113
전북,전북 익산시,노인인구비율,4.80,3.34,3.47,7.07,7.33,7.62,7.92,8.20,8.56,8.89,9.31,9.76,10.21,10.55,11.00,11.74,12.13,12.51,12.78,13.08,13.78,14.27,14.88,15.57,16.15,16.78,17.53,18.6,19.9,20.89
전북,전북 정주시,총인구,,71926,72135,,,,,,,,,,,,,,,,,,,,,,,,,,,
전북,전북 정주시,노인인구비율,,,,,,,,,,,,,,,,,,,,,,,,,,,,,,
전북,전북 정읍군,총인구,87493,83994,80311,,,,,,,,,,,,,,,,,,,,,,,,,,,
전북,전북 정읍군,노인인구비율,11.72,12.69,13.56,,,,,,,,,,,,,,,,,,,,,,,,,,,
전북,전북 정읍시,총인구,72343,71926,72135,151039,150224,150343,150505,151134,152022,151813,139133,155319,132285,129050,126249,124239,122842,121545,122000,120466,119392,118328,117183,115977,115173,113776,112169,110541,108508,106487
전북,전북 정읍시,노인인구비율,6.63,6.76,6.98,10.89,11.23,11.64,12.24,12.71,13.23,13.75,15.13,14.19,16.78,17.40,18.11,19.31,19.74,20.24,20.57,21.12,21.9,22.55,23.32,24.09,24.51,25.13,25.68,26.68,27.89,28.7
전북,전북 남원군,총인구,60288,57687,55182,,,,,,,,,,,,,,,,,,,,,,,,,,,
전북,전북 남원군,노인인구비율,12.44,13.52,14.41,,,,,,,,,,,,,,,,,,,,,,,,,,,
전북,전북 남원시,총인구,54133,54848,55156,109185,108274,107180,106300,104544,103571,103977,100392,101950,96243,93670,91265,89247,88356,87675,87775,87455,87000,86460,85643,84856,84188,83281,82554,81441,80662,79431
전북,전북 남원시,노인인구비율,6.08,6.35,6.52,10.80,11.19,11.69,12.20,12.87,13.57,13.94,14.95,15.40,16.63,17.37,18.27,19.62,20.12,20.44,20.62,21.1,21.98,22.68,23.36,24.12,24.6,25.42,25.98,27.07,28.13,29.24
전북,전북 김제군,총인구,91944,88220,82788,,,,,,,,,,,,,,,,,,,,,,,,,,,
전북,전북 김제군,노인인구비율,10.86,11.73,12.61,,,,,,,,,,,,,,,,,,,,,,,,,,,
전북,전북 김제시,총인구,46960,46999,47350,128415,125582,122761,121636,118563,115865,115244,110989,110710,105195,102720,100238,97615,95807,94770,94346,93111,92317,91218,90108,88721,87782,86926,85331,83895,82450,80913
전북,전북 김제시,노인인구비율,7.63,8.00,8.32,11.62,12.13,12.88,13.60,14.32,15.25,15.88,16.89,17.45,18.78,19.52,20.49,21.88,22.56,23.16,23.67,24.28,25.23,25.86,26.68,27.64,28.31,28.94,29.6,30.57,31.92,33.1
전북,전북 완주군,총인구,89426,87522,85917,86461,85354,86055,86138,85540,84009,86719,84626,83649,82482,83651,83199,82972,83757,83885,85119,84660,86164,86978,90377,95303,95480,95975,94444,92220,91609,91142
전북,전북 완주군,노인인구비율,9.35,9.93,10.42,10.62,10.98,11.33,11.69,12.24,13.13,13.29,14.11,14.91,15.65,15.82,16.37,17.57,17.82,18.03,18.11,18.56,18.91,19.3,19.29,19.23,19.7,20.19,20.94,22.16,23.37,24.35
전북,전북 진안군,총인구,46102,44158,42142,40086,38077,35973,34635,33645,31273,32635,30439,30475,30757,29021,27122,30250,27230,27558,27543,28473,26963,26703,26474,26203,26069,26271,25963,25697,25394,24987
전북,전북 진안군,노인인구비율,11.11,11.94,12.78,13.52,14.32,15.29,16.28,17.02,18.19,18.59,20.38,21.15,21.55,23.31,25.43,24.26,26.78,26.88,27.4,26.84,28.69,29.48,30.2,30.95,31.2,31.63,32.49,33.52,35.04,36.23
전북,전북 무주군,총인구,35219,33960,33097,32293,31511,30835,30580,31776,29207,30333,27894,26716,26183,25876,25417,26361,26017,25811,25578,25863,25321,25398,25390,25220,24949,24809,24589,24303,24036,23748
전북,전북 무주군,노인인구비율,10.60,11.44,12.09,12.87,13.51,14.47,15.17,15.46,17.30,17.53,19.58,21.11,22.22,23.15,24.46,25.03,25.57,26.06,26.68,26.88,27.84,28.26,28.53,29.5,30.17,31.04,31.38,32.47,33.6,34.33
전북,전북 장수군,총인구,35446,33714,32650,31485,30632,29770,30513,30159,30051,30445,26349,29445,26788,24755,24209,26687,23864,23478,23386,23215,23191,23243,23335,23277,23628,23003,23221,22441,22085,21695
전북,전북 장수군,노인인구비율,10.84,11.85,12.28,13.09,13.80,14.69,15.10,15.92,16.80,17.32,20.19,18.78,21.26,23.52,24.70,23.45,26.29,26.96,27.1,27.4,28,28.57,28.71,29.35,29.52,30.91,31,32.55,34.22,35.57
전북,전북 임실군,총인구,50234,47953,46055,44612,42984,41326,40519,39265,37514,37439,35071,34283,33008,32511,31976,31952,31133,30703,30593,30789,29956,29739,29966,30271,30197,30162,30072,28902,27314,26730
전북,전북 임실군,노인인구비율,11.47,12.36,13.01,13.70,14.64,15.54,16.28,17.17,18.62,19.55,21.41,22.69,24.38,25.06,26.18,27.33,28.11,28.51,28.94,29.04,30.39,31,31.21,31.48,31.63,32.06,32.49,34.01,36.44,37.8
전북,전북 순창군,총인구,44828,42824,40965,39728,38638,37553,36832,35793,34587,33892,32329,31482,31814,32012,32485,32035,30920,30179,30209,29497,30055,30272,30368,30248,29949,29698,29209,28382,27810,26855
전북,전북 순창군,노인인구비율,12.27,13.37,13.96,14.49,15.23,15.97,16.74,17.91,19.15,20.32,21.82,23.01,23.61,24.27,24.93,26.47,27.4,28.15,28.4,29.12,29.39,29.81,30.16,30.36,30.7,31.27,31.77,32.81,34,35.3
전북,전북 고창군,총인구,95836,91825,87979,85173,82568,79723,78587,76099,74104,74286,69657,69639,65203,63676,62030,60962,60328,60102,60861,60065,60440,60522,60090,60046,60597,60472,57041,55504,54529,53386
전북,전북 고창군,노인인구비율,10.05,10.70,11.46,12.25,12.93,13.90,14.55,15.50,16.67,17.19,18.82,19.52,21.42,22.54,23.66,25.19,25.85,26.41,26.48,27.05,27.56,27.99,28.92,29.4,29.47,30.01,31.69,33.1,34.44,35.67
전북,전북 부안군,총인구,92784,89456,86684,84350,82134,80244,79355,77502,74716,75914,70374,68066,66766,65018,63243,61879,60872,60204,60138,59080,58869,59164,57534,56848,57005,56086,54441,53295,52140,50795
전북,전북 부안군,노인인구비율,9.51,10.33,11.05,11.75,12.36,13.14,13.96,14.72,15.76,16.22,17.81,18.85,19.89,20.72,21.67,23.02,23.61,24.22,24.59,25.34,26.21,26.49,27.74,28.53,28.89,29.74,30.56,31.87,33.32,34.47
전남,전남 목포시,총인구,224670,227030,231407,239423,245152,249764,248568,246381,245492,245344,244909,241460,241717,242988,241679,243312,245651,244339,245422,244871,245073,240936,239109,238382,237739,234379,232327,229861,224044,218589
전남,전남 목포시,노인인구비율,4.65,4.80,4.99,5.09,5.21,5.34,5.56,5.85,6.14,6.35,6.66,7.07,7.46,7.90,8.38,9.00,9.27,9.71,10.24,10.73,11.32,12,12.62,13.09,13.65,14.44,14.99,15.7,16.88,17.87
전남,전남 여천군,총인구,74276,71555,68483,65724,63182,61246,,,,,,,,,,,,,,,,,,,,,,,,
전남,전남 여천군,노인인구비율,9.71,10.29,11.13,12.16,13.03,13.91,,,,,,,,,,,,,,,,,,,,,,,,
전남,전남 여천시,총인구,73629,73836,74795,77864,80381,80909,,,,,,,,,,,,,,,,,,,,,,,,
전남,전남 여천시,노인인구비율,4.05,4.11,4.24,4.30,4.37,4.53,,,,,,,,,,,,,,,,,,,,,,,,
전남,전남 여수시,총인구,185151,185356,185897,185551,187074,188312,329409,326666,323913,320146,315536,310350,305312,301389,297489,295439,295133,293546,293488,292750,292217,291366,290900,290168,288988,286382,283300,282786,280242,276762
전남,전남 여수시,노인인구비율,4.45,4.59,4.82,5.01,5.19,5.38,7.01,7.31,7.68,8.09,8.50,8.98,9.52,10.08,10.66,11.36,11.74,12.11,12.47,12.92,13.58,14.2,14.86,15.51,16.14,16.96,17.51,18.39,19.48,20.36
전남,전남 승주군,총인구,77050,75316,73071,,,,,,,,,,,,,,,,,,,,,,,,,,,
전남,전남 승주군,노인인구비율,10.57,11.23,12.03,,,,,,,,,,,,,,,,,,,,,,,,,,,
전남,전남 순천시,총인구,155466,160931,168818,251156,257636,264425,266553,267883,270345,271734,271139,269843,270059,270934,269940,270380,269429,269516,272620,272201,273798,275668,277188,278765,278548,279331,279389,279598,282189,281436
전남,전남 순천시,노인인구비율,4.67,4.73,4.78,7.05,7.17,7.25,7.48,7.79,8.10,8.38,8.74,9.10,9.51,9.87,10.25,10.74,11.09,11.27,11.45,11.69,12.09,12.42,12.84,13.2,13.63,14.14,14.51,15.12,15.75,16.37
전남,전남 나주군,총인구,85669,82635,79992,,,,,,,,,,,,,,,,,,,,,,,,,,,
전남,전남 나주군,노인인구비율,11.24,12.04,13.07,,,,,,,,,,,,,,,,,,,,,,,,,,,
전남,전남 나주시,총인구,37937,38119,38085,116179,114834,112393,111719,110148,108459,105832,102825,101708,99308,97980,96417,95439,92884,90875,90118,88243,88067,87754,90669,98182,104376,110110,113839,114664,115613,116726
전남,전남 나주시,노인인구비율,7.98,8.37,8.79,12.28,12.72,13.35,13.83,14.43,15.25,16.05,17.13,17.94,18.79,19.58,20.52,21.64,22.3,23.02,23.6,24.12,24.45,24.83,24.66,23.38,22.5,21.96,21.66,22.03,22.48,22.91
전남,전남 동광양시,총인구,55326,56726,59147,,,,,,,,,,,,,,,,,,,,,,,,,,,
전남,전남 동광양시,노인인구비율,2.78,2.83,2.82,,,,,,,,,,,,,,,,,,,,,,,,,,,
전남,전남 광양군,총인구,72994,70063,68588,,,,,,,,,,,,,,,,,,,,,,,,,,,
전남,전남 광양군,노인인구비율,7.10,7.69,8.06,,,,,,,,,,,,,,,,,,,,,,,,,,,
전남,전남 광양시,총인구,,,,129111,131191,132288,136728,138083,137940,138238,137913,136484,137601,138098,138237,138865,141388,143461,145512,150725,150837,151621,152097,153587,155580,155857,156564,156750,151769,150531
전남,전남 광양시,노인인구비율,,,,5.82,6.01,6.19,6.21,6.41,6.69,7.04,7.36,7.75,8.06,8.36,8.70,9.09,9.22,9.3,9.36,9.3,9.65,9.94,10.29,10.66,10.94,11.36,11.7,12.31,13.3,13.95
전남,전남 담양군,총인구,65247,63721,62080,61174,59907,58600,57797,56536,55089,53268,51535,50933,50613,50364,50332,50441,48347,47286,47808,47819,47612,47365,47177,47009,47229,47285,46917,46535,46280,46180
전남,전남 담양군,노인인구비율,10.90,11.57,12.22,12.66,13.02,13.54,14.15,14.82,15.68,16.71,17.82,18.67,19.58,20.32,21.18,22.44,23.94,24.64,24.94,25.2,26.05,26.75,27.44,28.1,28.22,28.81,29.45,30,31.19,31.75
전남,전남 곡성군,총인구,46102,44133,42628,41759,40788,41236,40809,41609,41149,38767,36754,35297,34396,34157,33631,33311,32608,32084,31886,31332,30878,31009,30732,30672,30400,30131,29624,28887,28039,27535
전남,전남 곡성군,노인인구비율,12.42,13.28,14.02,14.96,15.76,16.11,16.81,17.14,18.09,19.94,21.61,23.30,24.55,25.15,26.12,27.32,27.99,28.75,29.1,29.91,30.97,31.07,31.83,32.15,32.61,33.3,33.85,34.91,36.32,37.16
전남,전남 구례군,총인구,39736,38403,37223,36432,35822,35032,34949,34242,33588,32948,31755,30509,30232,29577,28837,28203,27703,27518,27375,27422,27077,27115,27170,27308,27412,27525,27117,26563,25719,25235
전남,전남 구례군,노인인구비율,10.72,11.61,12.35,13.10,13.54,14.28,14.86,15.60,16.51,17.40,18.82,20.28,21.32,22.45,23.81,25.48,26.25,26.85,27.44,27.76,28.75,29.21,29.43,29.73,30.1,30.69,31.38,32.66,34.53,35.54
전남,전남 고흥군,총인구,126906,121851,117067,112384,108128,104470,103256,102542,100989,95864,92715,91518,86747,83830,81068,78589,76605,75127,73924,72607,71560,70631,69641,68601,67656,66736,65777,64913,63922,62762
전남,전남 고흥군,노인인구비율,11.35,12.24,13.33,14.40,15.31,16.44,17.31,17.95,18.93,20.45,22.07,23.00,24.88,26.33,27.80,29.77,30.62,31.36,31.99,32.65,33.79,34.62,35.68,36.59,37.49,38.2,38.87,39.75,41.14,42.23
전남,전남 보성군,총인구,78940,75556,72685,70039,67664,65253,64445,63047,61329,59417,57282,55983,54288,53145,51948,50921,50004,49048,48792,47894,47050,46385,45882,45349,44469,43755,42803,41420,40482,39375
전남,전남 보성군,노인인구비율,11.27,12.04,12.93,13.92,14.84,15.92,16.74,17.73,18.78,20.00,21.52,22.87,24.26,25.35,26.45,27.83,28.59,29.19,29.54,30.15,31.19,31.95,32.88,33.48,34.34,35.29,35.92,37.25,38.54,39.91
전남,전남 화순군,총인구,73102,71414,70228,70736,73443,73698,76299,78042,78610,79219,78443,76123,75023,73673,72615,71551,70327,69675,69368,68985,68378,67829,66772,65848,65303,64680,63933,62737,62522,62624
전남,전남 화순군,노인인구비율,9.98,10.61,11.11,11.63,11.53,11.81,11.97,12.11,12.52,13.13,13.86,14.83,15.70,16.58,17.46,18.75,19.47,19.99,20.39,20.79,21.44,22.04,22.74,23.4,23.76,24.47,25.02,25.96,26.86,27.52
전남,전남 장흥군,총인구,66804,63968,61777,60112,58867,57500,56894,55533,53392,51738,50232,47837,46568,45542,44451,43468,42783,42097,42394,42552,42672,43004,43190,43513,40669,40136,39312,38563,37800,36547
전남,전남 장흥군,노인인구비율,10.76,11.57,12.44,13.41,14.08,15.06,15.74,16.75,17.86,19.07,20.29,21.81,23.12,24.17,25.37,26.67,27.26,27.86,28.15,28.17,28.62,28.7,28.96,29.05,31.01,31.6,32.08,32.98,34.2,35.63
전남,전남 강진군,총인구,60381,58301,56431,55042,53488,52188,51739,51207,49254,50846,46381,44743,43550,42696,41938,41352,41153,41164,41624,41599,40241,40079,39861,38758,37753,36868,36144,35286,34597,33753
전남,전남 강진군,노인인구비율,10.63,11.38,12.10,12.92,13.67,14.60,15.35,16.01,17.13,17.36,19.61,21.11,22.53,23.73,24.70,26.02,26.38,26.7,26.68,26.88,28.17,28.65,29.01,30.07,30.87,31.93,32.72,33.68,34.79,35.94
전남,전남 해남군,총인구,115303,111754,107932,104628,101578,99329,101758,100792,99230,96445,92323,89981,87736,86238,84338,82529,81043,81148,79579,78346,78150,77684,76981,76194,75121,73604,71901,70354,68806,67166
전남,전남 해남군,노인인구비율,9.39,10.01,10.72,11.60,12.34,13.15,13.59,14.32,15.13,16.24,17.51,18.60,19.69,20.81,21.90,23.44,24.23,24.47,25.25,25.81,26.35,26.9,27.49,28.04,28.69,29.7,30.33,31.21,32.4,33.59
전남,전남 영암군,총인구,68698,66050,63386,62388,64214,63761,65869,66018,65268,64391,64637,63267,62336,62004,61546,60742,60106,59837,60082,60139,59997,59061,58852,58137,57045,55616,54731,54593,53699,52937
전남,전남 영암군,노인인구비율,9.77,10.49,11.35,12.00,12.13,12.68,12.90,13.47,14.31,15.28,15.61,16.56,17.43,18.22,18.90,19.83,20.27,20.63,20.93,21.16,21.66,22.16,22.62,23.15,23.8,24.77,25.28,25.78,26.82,27.67
전남,전남 무안군,총인구,82162,79378,77093,75037,73076,71804,71334,71164,70212,68904,65976,63681,62472,61915,61766,63674,66598,72417,74475,75718,75741,79367,81696,82236,82109,82872,81991,81105,86132,91107
전남,전남 무안군,노인인구비율,8.67,9.38,10.21,10.94,11.46,12.08,12.69,13.36,14.12,14.87,16.07,17.17,18.30,19.21,20.02,20.67,20.18,19.17,19.08,19.13,19.59,19.23,19.09,19.3,19.7,19.87,20.24,20.79,20.35,19.74
전남,전남 함평군,총인구,58212,55676,52803,51686,49682,48237,50854,46830,45232,43522,41965,42119,40205,40189,38647,37998,37432,37089,36702,36134,35780,35610,35090,34876,34397,34328,33420,32861,32050,31274
전남,전남 함평군,노인인구비율,11.00,11.87,13.02,13.76,14.57,15.54,15.42,17.10,18.39,19.67,21.04,21.91,23.69,24.55,26.05,27.64,28.24,28.88,29.49,30.1,30.96,31.21,32.01,32.29,32.86,33.35,34.17,35.19,36.57,37.95
전남,전남 영광군,총인구,86731,83647,78921,76116,74276,74724,75658,74760,72780,70120,67055,64148,62959,61500,60045,58837,58075,57037,57362,56863,57224,57617,56833,56267,55618,54774,54127,53852,53099,51985
전남,전남 영광군,노인인구비율,8.65,9.24,10.13,10.76,11.16,11.40,11.76,12.27,13.35,14.32,15.51,16.90,17.96,18.83,19.91,21.44,22.26,22.93,23.22,23.82,24.4,24.64,25.5,26.14,26.56,27.39,27.8,28.21,29.17,30.09
전남,전남 장성군,총인구,61339,58838,57327,58898,58321,57664,56992,56462,55986,54687,52542,51493,50200,49165,47870,47410,46602,46214,46514,46245,46289,46292,46273,46360,46104,46111,45795,45739,44464,43365
전남,전남 장성군,노인인구비율,10.44,11.23,11.85,11.96,12.31,12.79,13.44,14.14,15.17,16.13,17.45,18.45,19.43,20.38,21.53,22.73,23.39,24.05,24.3,24.81,25.49,26.02,26.5,26.84,27.21,27.77,28.25,28.57,30.14,31.21
전남,전남 완도군,총인구,82564,79255,76216,74015,71374,69409,68915,68833,66978,65397,62964,61145,59950,58841,57464,56201,54999,54301,54269,54037,53871,53619,53174,53014,52668,52109,51477,50689,49916,48631
전남,전남 완도군,노인인구비율,8.38,8.97,9.66,10.49,11.23,12.15,12.92,13.66,14.62,15.66,17.04,18.42,19.75,21.23,22.61,24.23,25.1,25.95,26.4,26.76,27.38,27.93,28.68,28.99,29.66,30.24,30.57,31.41,32.54,33.83
전남,전남 진도군,총인구,52890,50659,48683,47256,45500,44256,43865,43362,42229,41139,39619,38382,37329,36529,35953,35206,34412,33931,33743,33502,33208,32998,32746,32476,32078,31765,31219,30715,31227,30066
전남,전남 진도군,노인인구비율,9.22,10.00,10.85,11.84,12.66,13.54,14.30,15.29,16.46,17.62,18.89,20.42,21.71,23.28,24.69,26.44,27.2,27.83,28.47,28.86,29.5,29.97,30.39,31.15,31.5,32.08,32.39,32.83,33.06,34.61
전남,전남 신안군,총인구,75823,71175,66628,62854,59628,56855,56614,54953,53150,51342,49704,50726,47591,46451,46714,45968,45718,45294,45428,44355,43898,44162,43747,43294,42652,42070,41263,40274,38938,38217
전남,전남 신안군,노인인구비율,8.99,9.76,10.68,11.83,12.66,13.87,14.52,15.88,17.17,18.47,20.21,20.81,23.12,24.59,25.54,27.07,27.58,27.94,28.31,29.26,30.27,30.43,31.15,31.73,32.38,33.33,33.83,34.94,36.7,37.71
경북,경북 영일군,총인구,181350,181513,179674,,,,,,,,,,,,,,,,,,,,,,,,,,,
경북,경북 영일군,노인인구비율,7.29,7.57,7.91,,,,,,,,,,,,,,,,,,,,,,,,,,,
경북,경북 포항시,총인구,318494,322163,327042,510167,511409,511675,512001,513390,515977,515039,511667,508850,507129,507052,505008,505555,508119,509475,514755,517088,518913,519467,519368,519584,516775,513832,510013,507025,502916,503852
경북,경북 포항시,노인인구비율,3.23,3.29,3.35,5.12,5.28,5.48,5.70,5.96,6.20,6.50,6.84,7.19,7.62,7.98,8.39,8.91,9.33,9.69,9.91,10.18,10.72,11.31,11.96,12.55,13.22,14.2,15.1,16.17,17.49,18.55
경북,경북 경주군,총인구,132372,132803,132426,,,,,,,,,,,,,,,,,,,,,,,,,,,
경북,경북 경주군,노인인구비율,9.98,10.32,10.66,,,,,,,,,,,,,,,,,,,,,,,,,,,
경북,경북 경주시,총인구,140310,145216,147733,283766,288319,291146,291414,291614,290149,287506,284589,281177,277870,275087,273419,272206,269343,267466,267098,265488,264091,263283,261535,259773,259452,257903,256864,255402,253502,251889
경북,경북 경주시,노인인구비율,5.76,5.88,6.03,8.35,8.51,8.84,9.26,9.63,10.01,10.54,11.08,11.63,12.21,12.77,13.26,14.02,14.59,15.03,15.4,15.7,16.28,16.9,17.63,18.22,18.8,19.69,20.44,21.39,22.61,23.68
경북,경북 금릉군,총인구,73479,71398,69461,,,,,,,,,,,,,,,,,,,,,,,,,,,
경북,경북 금릉군,노인인구비율,12.07,12.93,13.57,,,,,,,,,,,,,,,,,,,,,,,,,,,
경북,경북 김천시,총인구,82474,83338,84169,151641,150818,150366,150144,151459,149864,150858,146666,150306,143527,141632,139682,139084,138056,135918,136136,136185,135504,135259,135456,140132,142256,142908,141104,141229,140548,140239
경북,경북 김천시,노인인구비율,5.70,5.86,5.99,9.87,10.25,10.72,11.14,11.50,12.13,12.68,13.43,13.70,14.72,15.31,15.94,16.62,17.22,17.85,18.03,18.28,18.89,19.51,20.03,19.87,20.03,20.67,21.49,22.13,23.14,24.01
경북,경북 안동군,총인구,81846,78041,74286,,,,,,,,,,,,,,,,,,,,,,,,,,,
경북,경북 안동군,노인인구비율,13.03,13.10,13.88,,,,,,,,,,,,,,,,,,,,,,,,,,,
경북,경북 안동시,총인구,115763,117779,119924,192522,191167,188459,187515,186188,183903,181838,179326,175677,174037,171387,168733,167916,167300,167432,167886,168157,168302,168461,168697,169221,168798,166272,162180,160052,158907,156972
경북,경북 안동시,노인인구비율,6.16,6.42,6.48,9.95,10.28,10.76,11.14,11.60,12.19,12.68,13.21,13.87,14.63,15.25,16.02,16.96,17.52,17.91,18.05,18.27,18.73,19.33,19.77,20.06,20.54,21.62,22.72,23.68,24.66,25.69
경북,경북 선산군,총인구,64674,64674,64588,,,,,,,,,,,,,,,,,,,,,,,,,,,
경북,경북 선산군,노인인구비율,10.14,10.53,10.69,,,,,,,,,,,,,,,,,,,,,,,,,,,
경북,경북 구미시,총인구,196816,210203,220187,302413,311437,321463,328659,335487,336914,344159,350011,355629,365681,374614,386465,391897,393959,396419,404920,413446,416949,419428,420320,419915,419891,421799,421494,419742,416328,412581
경북,경북 구미시,노인인구비율,2.68,2.64,2.64,4.33,4.38,4.44,4.51,4.61,4.83,4.95,5.06,5.23,5.38,5.44,5.49,5.76,5.98,6.15,6.19,6.2,6.42,6.68,6.93,7.2,7.51,7.97,8.41,8.94,9.61,10.32
경북,경북 영풍군,총인구,59121,57251,55197,,,,,,,,,,,,,,,,,,,,,,,,,,,
경북,경북 영풍군,노인인구비율,11.71,12.36,13.05,,,,,,,,,,,,,,,,,,,,,,,,,,,
경북,경북 영주시,총인구,84124,84673,85322,138654,136939,135230,134774,133534,131175,128707,126040,123806,121513,119098,116965,115083,113930,113309,113926,114148,113547,112625,110780,109735,109247,108371,106801,105067,103119,101942
경북,경북 영주시,노인인구비율,5.86,6.11,6.38,9.36,9.72,10.08,10.47,11.03,11.69,12.35,13.00,13.68,14.58,15.31,16.11,17.12,17.89,18.47,18.65,18.82,19.43,20.24,21.22,21.94,22.5,23.57,24.66,25.94,27.29,28.35
경북,경북 영천군,총인구,73622,71856,69441,,,,,,,,,,,,,,,,,,,,,,,,,,,
경북,경북 영천군,노인인구비율,10.86,11.63,12.30,,,,,,,,,,,,,,,,,,,,,,,,,,,
경북,경북 영천시,총인구,51396,53695,54560,123069,121560,121198,122609,121930,119639,117991,115401,112423,109520,107337,105029,105819,104022,103115,103190,104182,101798,100778,100689,100648,100521,100615,101595,102470,102015,101888
경북,경북 영천시,노인인구비율,5.96,6.12,6.24,10.06,10.63,11.19,11.66,12.25,13.04,13.80,14.63,15.53,16.57,17.41,18.41,19.49,20.21,20.84,21.06,21.05,22.05,22.97,23.71,24.24,24.93,25.78,26.42,27,28.3,29.38
경북,경북 상주군,총인구,89719,86170,82959,,,,,,,,,,,,,,,,,,,,,,,,,,,
경북,경북 상주군,노인인구비율,12.98,13.94,14.83,,,,,,,,,,,,,,,,,,,,,,,,,,,
경북,경북 상주시,총인구,52129,52440,53021,133895,132371,130564,129259,127127,124674,122047,118999,115337,112585,110444,108280,106600,105381,106208,105607,104685,104182,103346,102892,102374,101799,100947,100297,100688,97228,95566
경북,경북 상주시,노인인구비율,7.72,7.95,8.03,12.71,13.11,13.77,14.44,15.13,16.01,16.78,17.73,18.67,19.78,20.62,21.52,22.69,23.31,23.56,23.74,24.1,24.86,25.57,26.34,26.92,27.28,28.27,29.01,29.62,31.34,32.57
경북,경북 점촌시,총인구,48417,47740,47569,,,,,,,,,,,,,,,,,,,,,,,,,,,
경북,경북 점촌시,노인인구비율,5.68,5.99,6.20,,,,,,,,,,,,,,,,,,,,,,,,,,,
경북,경북 문경군,총인구,57637,54134,50974,,,,,,,,,,,,,,,,,,,,,,,,,,,
경북,경북 문경군,노인인구비율,11.88,12.87,13.91,,,,,,,,,,,,,,,,,,,,,,,,,,,
경북,경북 문경시,총인구,,,,95778,93567,91774,91163,90144,89900,89091,83749,81258,79552,78058,76177,74780,75486,76645,77391,76727,75899,75664,75911,75784,74702,73294,71874,72242,71406,71154
경북,경북 문경시,노인인구비율,,,,10.75,11.22,11.77,12.37,13.10,13.85,14.62,15.95,17.05,18.06,19.03,19.95,21.20,21.67,21.74,21.91,22.37,23.18,23.81,24.33,24.93,25.82,27.12,28.28,28.92,30.25,31.39
경북,경북 경산군,총인구,80650,80656,82511,,,,,,,,,,,,,,,,,,,,,,,,,,,
경북,경북 경산군,노인인구비율,8.51,8.89,9.00,,,,,,,,,,,,,,,,,,,,,,,,,,,
경북,경북 경산시,총인구,62402,69199,74592,164632,184924,198304,207444,212489,213821,215995,218446,216240,219579,227766,234839,236881,237423,236459,240708,243684,246358,248805,253968,256888,258037,259485,261093,263185,263728,268369
경북,경북 경산시,노인인구비율,4.99,4.99,4.93,7.06,6.82,6.78,6.90,7.20,7.52,7.88,8.26,8.81,9.25,9.51,9.88,10.45,10.91,11.42,11.57,11.76,12.2,12.75,13.2,13.63,14.1,14.79,15.35,15.99,16.9,17.67
경북,경북 군위군,총인구,36363,35513,34423,33577,32831,32063,31490,31846,32637,34055,31654,29762,28825,27709,26687,25781,25309,24966,24736,24268,24119,24172,24170,24126,24171,24215,23919,23843,23256,22945
경북,경북 군위군,노인인구비율,13.27,14.10,14.68,15.51,16.31,17.32,18.24,18.82,19.33,19.62,21.47,23.47,24.96,26.45,27.72,29.60,30.56,31.41,31.82,32.27,33.22,33.82,34.68,35.28,35.87,36.75,37.56,38.49,40.68,42.36
경북,경북 의성군,총인구,96598,93233,89786,86169,83552,81533,80559,78866,76327,73872,70863,68372,66124,64457,62947,61366,60033,59109,58832,57744,57043,56064,55212,54477,54014,53474,52944,52595,51724,50632
경북,경북 의성군,노인인구비율,12.33,13.17,13.87,14.73,15.61,16.56,17.33,18.23,19.67,20.89,22.34,23.61,25.24,26.37,27.45,29.28,30.62,31.45,31.71,32.26,33.25,34.3,35.27,36.08,36.83,37.94,38.85,39.94,41.52,43.18
경북,경북 청송군,총인구,40847,40118,38826,37878,36609,35813,35760,34959,34248,33517,32323,31313,30099,29298,28465,27862,27289,26917,26715,26569,26481,26470,26453,26384,26301,26006,25678,25416,25044,24539
경북,경북 청송군,노인인구비율,10.56,11.14,11.83,12.51,13.26,14.28,14.85,15.72,16.78,17.95,19.12,20.13,21.82,23.16,24.46,26.13,27.18,28.39,28.97,29.3,30.12,30.89,31.47,31.97,32.7,33.73,34.88,35.94,37.46,38.84
경북,경북 영양군,총인구,29620,28387,27151,26040,25151,24276,23976,23409,22805,22172,21385,20772,20205,20025,19615,19119,18766,18553,18451,18241,18208,18297,18197,17898,17713,17479,17356,16993,16692,16320
경북,경북 영양군,노인인구비율,10.46,11.33,12.09,13.09,14.23,14.99,15.67,16.83,18.14,19.54,20.94,22.33,24.02,24.93,26.28,28.21,29.11,29.86,30.44,30.71,30.91,31.41,32.07,32.58,33.18,34.12,35.05,36,37.61,38.66
경북,경북 영덕군,총인구,63539,61720,59593,57548,55840,54358,53999,52730,51131,49593,52602,46965,45826,45003,46460,43470,42707,41710,41377,40794,40257,40142,39586,39191,39052,38529,38108,37361,36313,35314
경북,경북 영덕군,노인인구비율,11.30,11.95,12.67,13.50,14.21,15.00,15.55,16.46,17.44,18.64,18.36,20.79,22.17,23.37,23.62,26.14,27.44,28.49,28.94,29.49,30.27,30.94,31.93,32.52,33.03,34.11,34.87,36.02,37.87,39.2
경북,경북 청도군,총인구,59215,58141,56827,55966,56383,56598,56658,55512,52497,51268,50716,50141,47678,46748,46144,45515,44711,44279,44391,44298,43968,43788,43993,43724,43564,43346,43057,42910,42263,41891
경북,경북 청도군,노인인구비율,12.47,13.15,13.78,14.37,14.97,15.68,16.44,17.34,18.91,20.01,20.94,21.80,23.38,24.43,25.32,26.71,27.55,28.04,28.01,28.22,29.11,30.07,30.95,31.79,32.77,34.1,35.24,36.22,37.92,39.25
경북,경북 고령군,총인구,37935,37356,36625,36194,37653,38781,38447,38251,37587,36796,35978,34942,34522,34271,34777,34907,34770,34535,34678,35455,35343,35198,35033,34594,34257,33768,32969,32373,31361,30626
경북,경북 고령군,노인인구비율,11.42,12.12,12.83,13.26,13.22,13.52,14.22,14.86,15.72,16.61,17.52,18.50,19.62,20.29,20.73,21.38,22.02,22.66,22.62,22.43,23.02,23.75,24.37,25.2,25.95,27.4,28.45,29.8,31.7,33.19
경북,경북 성주군,총인구,55019,54743,54199,53878,53675,53213,52820,52405,51104,50380,51761,48655,47731,46960,46358,45680,45024,45616,45289,45640,45127,45067,44981,45029,45205,45138,44672,44015,43414,42842
경북,경북 성주군,노인인구비율,11.79,12.51,12.96,13.45,13.91,14.52,15.13,15.66,16.57,17.34,17.65,18.92,19.84,20.78,21.50,22.54,23.3,23.39,23.54,23.51,24.4,25.23,26,26.68,27.43,28.44,29.42,30.62,32.18,33.64
경북,경북 칠곡군,총인구,80172,81083,82742,86365,90464,91500,92420,93282,103537,104743,105844,105843,106475,107750,111390,113851,116472,117288,119087,118838,119786,121182,122058,122829,123199,120864,118828,117047,114758,113822
경북,경북 칠곡군,노인인구비율,8.11,8.42,8.57,8.46,8.35,8.62,8.82,9.07,8.67,8.94,9.22,9.59,10.01,10.25,10.35,10.68,10.87,11.03,11.23,11.35,11.62,11.86,12.14,12.37,12.56,13.38,14.05,14.94,15.98,16.87
경북,경북 예천군,총인구,76467,73055,70506,68306,66508,64643,63681,61828,59885,58081,55746,53649,52132,50951,50218,48866,47993,47306,47049,46579,46027,45573,45104,44674,46166,49253,53274,55100,55613,55739
경북,경북 예천군,노인인구비율,12.61,13.42,14.06,14.72,15.25,15.93,16.61,17.40,18.78,19.95,21.27,22.61,24.12,25.18,26.23,27.93,28.9,29.5,29.69,29.9,30.68,31.54,32.47,33.11,32.58,31.38,29.8,29.74,30.29,30.92
경북,경북 봉화군,총인구,58144,54909,52095,49960,48131,46460,45737,44437,42865,41364,39852,39439,37526,36599,35608,35046,34628,34297,34567,34192,33934,33894,34023,33808,33539,33259,32843,32150,31494,30762
경북,경북 봉화군,노인인구비율,10.51,11.31,12.07,12.98,13.71,14.66,15.40,16.35,17.59,18.82,20.18,21.19,22.87,23.98,25.38,26.74,27.61,28.39,28.35,28.48,29.38,30.06,30.64,31.21,31.92,32.91,33.61,34.91,36.73,38.28
경북,경북 울진군,총인구,71061,70182,70718,70717,70343,69145,68342,67259,66298,65688,63511,61031,58590,56707,55076,53955,53042,52529,52430,52045,51844,51953,52104,51885,51738,50974,50036,49314,48716,47858
경북,경북 울진군,노인인구비율,10.24,10.67,10.95,11.45,11.92,12.58,13.25,13.82,14.59,15.26,16.25,17.29,18.61,19.57,20.49,21.52,22.39,22.91,23.09,23.39,23.57,23.96,24.17,24.39,24.48,25.22,26.13,27.08,28.01,29.28
경북,경북 울릉군,총인구,12462,11769,11421,11243,10800,10522,10724,10421,10241,9944,9615,9245,9191,9538,10235,10125,10168,10325,10701,10742,10673,10524,10264,10153,10001,9975,9832,9617,9077,8867
경북,경북 울릉군,노인인구비율,7.97,8.68,9.18,9.66,10.30,10.92,11.58,12.43,13.19,14.08,14.72,15.92,16.70,16.86,16.55,17.36,17.39,17.53,17.82,18.2,18.87,19.48,19.91,20.72,21.54,22.44,23.29,24.34,26.29,26.95
경남,경남 창원군,총인구,85712,92456,96833,,,,,,,,,,,,,,,,,,,,,,,,,,,
경남,경남 창원군,노인인구비율,7.59,7.51,7.64,,,,,,,,,,,,,,,,,,,,,,,,,,,
경남,경남 창원시,총인구,384816,399393,420286,478007,494103,503899,503938,514935,519798,524068,513659,510439,507161,504520,503881,503930,503518,502727,1090181,1091881,1091471,1083731,1075168,1070064,1063907,1057032,1053601,1044740,1036738,1032741
경남,경남 창원시,노인인구비율,2.45,2.54,2.56,3.08,3.18,3.29,3.43,3.61,3.78,3.94,4.15,4.31,4.52,4.72,4.92,5.18,5.38,5.56,8.09,8.39,8.81,9.37,9.95,10.45,11.02,11.81,12.49,13.41,14.56,15.54
경남,경남 울산군,총인구,146338,164465,177816,,,,,,,,,,,,,,,,,,,,,,,,,,,
경남,경남 울산군,노인인구비율,6.96,6.54,6.28,,,,,,,,,,,,,,,,,,,,,,,,,,,
경남,경남 마산시,총인구,392928,384977,378072,431419,429852,426986,434084,434490,432620,433135,432903,429612,427248,425018,421783,415805,411078,406307,,,,,,,,,,,,
경남,경남 마산시,노인인구비율,3.72,3.90,4.13,4.71,4.95,5.21,5.39,5.69,6.04,6.34,6.64,7.02,7.45,7.87,8.43,9.00,9.51,10.08,,,,,,,,,,,,
경남,경남 진양군,총인구,77314,75695,74046,,,,,,,,,,,,,,,,,,,,,,,,,,,
경남,경남 진양군,노인인구비율,9.65,10.29,11.12,,,,,,,,,,,,,,,,,,,,,,,,,,,
경남,경남 진주시,총인구,251054,256425,260159,334252,335914,338771,341156,341516,341822,339906,339943,337319,337425,336234,333554,330756,331222,331720,335037,335502,337314,337071,340241,344426,346739,346681,345987,347334,348096,347097
경남,경남 진주시,노인인구비율,4.22,4.34,4.44,6.07,6.37,6.61,6.84,7.13,7.47,7.85,8.24,8.63,9.05,9.54,10.02,10.56,10.94,11.34,11.62,12.01,12.51,13.06,13.52,13.88,14.22,14.85,15.39,16.09,16.96,17.75
경남,경남 진해시,총인구,124315,126043,128585,129716,131440,133419,133217,133052,133791,134660,141124,150308,151393,156992,161175,163108,168696,171407,,,,,,,,,,,,
경남,경남 진해시,노인인구비율,5.05,5.23,5.43,5.64,5.84,6.10,6.43,6.80,7.14,7.55,7.75,7.87,8.25,8.47,8.67,9.09,9.2,9.32,,,,,,,,,,,,
경남,경남 충무시,총인구,96618,97528,98291,,,,,,,,,,,,,,,,,,,,,,,,,,,
경남,경남 충무시,노인인구비율,4.29,4.45,4.57,,,,,,,,,,,,,,,,,,,,,,,,,,,
경남,경남 통영군,총인구,48645,46334,44641,,,,,,,,,,,,,,,,,,,,,,,,,,,
경남,경남 통영군,노인인구비율,9.10,9.82,10.47,,,,,,,,,,,,,,,,,,,,,,,,,,,
경남,경남 통영시,총인구,,,,142714,141742,140789,140397,139093,136864,135547,134107,133420,132959,132795,133127,134431,136275,137415,140297,140195,139347,139719,139439,139168,138160,135833,133720,131404,128293,125383
경남,경남 통영시,노인인구비율,,,,6.63,6.95,7.32,7.64,8.02,8.37,8.80,9.20,9.51,9.88,10.29,10.77,11.23,11.5,11.81,11.87,12.16,12.75,13.37,14.03,14.48,15.12,16.24,17.08,18.18,19.59,21.08
경남,경남 삼천포시,총인구,66523,66058,65658,,,,,,,,,,,,,,,,,,,,,,,,,,,
경남,경남 삼천포시,노인인구비율,5.68,5.95,6.21,,,,,,,,,,,,,,,,,,,,,,,,,,,
경남,경남 사천군,총인구,56836,56697,57047,,,,,,,,,,,,,,,,,,,,,,,,,,,
경남,경남 사천군,노인인구비율,9.62,9.94,10.27,,,,,,,,,,,,,,,,,,,,,,,,,,,
경남,경남 사천시,총인구,,,,122830,122438,120946,120145,119597,119326,119305,117076,114556,112670,111293,112300,112499,112828,112724,114148,114133,115321,116851,116485,115452,114912,114252,113888,111925,111105,109953
경남,경남 사천시,노인인구비율,,,,8.38,8.81,9.40,9.76,10.16,10.59,11.14,11.80,12.37,13.06,13.72,14.11,14.69,15.02,15.47,15.68,16.09,16.5,16.89,17.54,18.1,18.71,19.36,19.88,20.93,22.14,23.13
경남,경남 김해군,총인구,87566,87390,85952,,,,,,,,,,,,,,,,,,,,,,,,,,,
경남,경남 김해군,노인인구비율,7.10,7.36,7.81,,,,,,,,,,,,,,,,,,,,,,,,,,,
경남,경남 김해시,총인구,139832,148685,162098,263577,287009,304750,320487,326070,343617,353768,390292,407368,427432,443017,453728,464964,477572,492413,503348,507062,513260,522049,527240,528865,529422,532132,533672,542455,542338,537673
경남,경남 김해시,노인인구비율,3.45,3.51,3.53,5.06,5.01,5.06,5.10,5.29,5.40,5.59,5.58,5.71,5.88,6.09,6.35,6.63,6.83,7.02,7.19,7.4,7.71,8,8.31,8.68,9.06,9.63,10.07,10.61,11.41,12.19
경남,경남 밀양군,총인구,86068,84303,81814,,,,,,,,,,,,,,,,,,,,,,,,,,,
경남,경남 밀양군,노인인구비율,10.25,11.04,11.73,,,,,,,,,,,,,,,,,,,,,,,,,,,
경남,경남 밀양시,총인구,48793,49857,50774,131187,129498,129124,128073,126641,124574,122999,120342,117732,115459,113636,112025,111473,110858,110170,110479,109329,108755,108342,107765,107896,108354,107898,106744,105552,104831,103525
경남,경남 밀양시,노인인구비율,5.68,5.82,5.97,10.05,10.53,11.08,11.58,12.02,12.74,13.37,14.23,14.92,15.73,16.36,17.16,18.10,18.7,19.24,19.62,20.14,20.89,21.72,22.42,22.98,23.64,24.76,25.82,27.05,28.51,29.95
경남,경남 장승포시,총인구,50591,52399,55294,,,,,,,,,,,,,,,,,,,,,,,,,,,
경남,경남 장승포시,노인인구비율,2.99,2.92,2.99,,,,,,,,,,,,,,,,,,,,,,,,,,,
경남,경남 거제군,총인구,93318,93898,94843,,,,,,,,,,,,,,,,,,,,,,,,,,,
경남,경남 거제군,노인인구비율,7.47,7.74,7.96,,,,,,,,,,,,,,,,,,,,,,,,,,,
경남,경남 거제시,총인구,,,,155140,160894,164652,170275,173090,174981,178980,182035,186208,190141,195609,201412,208208,217211,225522,228355,232787,236944,242077,248287,255828,257183,254073,250516,248276,245754,241216
경남,경남 거제시,노인인구비율,,,,6.19,6.19,6.33,6.38,6.48,6.62,6.77,6.89,6.98,7.09,7.12,7.20,7.31,7.27,7.18,7.21,7.31,7.47,7.63,7.8,7.85,8.14,8.75,9.36,10.03,10.93,11.96
경남,경남 양산군,총인구,181246,203647,217332,161241,,,,,,,,,,,,,,,,,,,,,,,,,,
경남,경남 양산군,노인인구비율,5.72,5.57,5.60,4.73,,,,,,,,,,,,,,,,,,,,,,,,,,
경남,경남 양산시,총인구,,,,,167087,172944,177081,184015,193552,200694,205958,210424,213695,222299,226425,231956,243012,250387,260239,266403,270460,279565,292376,301291,317037,338535,348639,350759,352229,354726
경남,경남 양산시,노인인구비율,,,,,4.86,5.02,5.16,5.35,5.58,5.84,6.12,6.46,6.84,7.14,7.52,7.91,8.22,8.48,8.76,9.1,9.57,9.99,10.34,10.75,11.08,11.5,11.95,12.72,13.77,14.65
경남,경남 의령군,총인구,42716,41425,40023,39097,37711,36812,36265,35384,34490,33494,32751,32766,32371,31099,31625,31418,30734,30496,30162,30045,30329,29417,29209,28544,28111,27849,27667,27168,26800,26322
경남,경남 의령군,노인인구비율,12.63,13.61,14.57,15.57,16.81,18.25,19.02,20.15,20.84,22.27,23.73,24.67,25.73,27.38,27.97,29.00,29.74,30.12,30.39,30.53,30.58,31.52,32.21,33.11,33.62,34.58,34.64,35.66,37.02,38.42
경남,경남 함안군,총인구,70212,70217,68517,67894,66998,66815,66865,65923,64846,65368,64318,63435,62081,61376,63460,64865,66050,66582,67207,66971,67425,67667,68741,69156,68937,68207,67025,65700,64182,62547
경남,경남 함안군,노인인구비율,9.57,10.06,10.57,11.06,11.67,12.17,12.66,13.18,13.89,14.37,15.18,15.86,16.62,17.42,17.48,17.71,17.79,18.12,18.2,18.47,18.8,19.23,19.43,19.88,20.26,21.18,22.12,23.37,25.06,26.76
경남,경남 창녕군,총인구,85225,83529,81509,79913,78226,77124,76207,74668,73019,71047,69220,67313,66074,64672,63476,62255,61603,61252,61714,62490,62966,63447,63502,63817,63982,64101,63396,62331,61301,60129
경남,경남 창녕군,노인인구비율,10.07,10.86,11.55,12.23,12.87,13.73,14.45,15.20,15.93,16.77,17.85,18.99,19.95,20.88,21.95,23.10,23.79,24.39,24.61,24.74,25.13,25.54,26.08,26.4,26.8,27.65,28.45,29.56,31.17,32.6
경남,경남 고성군,총인구,74524,73163,71595,69988,68432,67588,66612,64960,63423,62097,60374,58642,57400,56189,55309,55393,55950,57100,57231,57264,56906,56369,55916,55284,54703,54060,53243,52276,51361,50478
경남,경남 고성군,노인인구비율,10.29,10.87,11.64,12.38,13.14,13.93,14.59,15.35,16.25,17.31,18.15,19.09,20.10,20.95,21.77,22.51,22.75,22.64,22.89,23.19,23.78,24.47,25.2,25.73,26.44,27.45,28.47,29.8,31.34,32.77
경남,경남 남해군,총인구,73714,71695,70199,68406,66362,64500,63662,61820,59762,57916,55958,54392,53129,51825,50792,55026,50698,50244,49328,50242,48223,47244,46638,45865,45129,44642,43990,43622,42958,42266
경남,경남 남해군,노인인구비율,13.14,14.01,14.89,15.82,17.04,18.10,18.73,19.82,20.92,22.02,23.36,24.67,25.83,27.03,28.27,27.26,29.42,29.86,30.38,30.36,31.74,32.5,33.4,33.98,34.77,35.48,36.17,36.65,37.85,38.92
경남,경남 하동군,총인구,70284,68606,67265,65743,64147,62867,62007,60801,59556,60298,56777,58010,54881,53131,52898,55526,53515,52010,51509,53975,50806,50177,49223,50259,49622,48831,47533,46574,44785,43449
경남,경남 하동군,노인인구비율,11.02,11.75,12.40,13.18,13.93,14.85,15.56,16.39,17.22,17.82,19.42,19.68,21.32,22.50,23.31,23.33,24.43,25.47,25.94,25.28,27.03,27.9,28.79,28.67,29.25,30.15,31.24,32.46,34.59,36.32
경남,경남 산청군,총인구,50519,48756,47254,46329,45419,44291,43456,42210,40997,39863,38726,37783,36849,36294,35704,35274,35043,34921,35591,35651,35691,35935,35849,36071,36098,36340,35952,35417,34857,34360
경남,경남 산청군,노인인구비율,11.54,12.34,13.15,14.01,14.79,15.83,16.87,17.67,18.80,19.99,21.56,23.07,24.46,25.49,26.73,28.18,28.78,29.45,29.31,29.67,30.38,30.76,31.5,32,32.24,32.79,33.63,35.14,36.82,38.34
경남,경남 함양군,총인구,55516,53885,52426,51125,49755,48912,48716,47638,46376,45184,43982,42760,41922,41535,41162,40637,40447,40626,41197,41081,40714,40692,40584,40339,40241,40175,40044,39637,39080,38310
경남,경남 함양군,노인인구비율,11.69,12.47,13.27,14.15,15.04,15.86,16.43,17.11,18.12,19.24,20.55,21.85,23.25,24.16,25.20,26.51,27.13,27.48,27.49,27.76,28.55,28.97,29.54,30.15,30.5,31.26,31.52,32.38,33.85,35.22
경남,경남 거창군,총인구,77705,76454,74999,73810,73078,72237,72096,70989,69744,68574,67224,66370,65615,64735,63917,63979,63268,63180,63421,63146,63103,63177,63137,63232,63308,62763,62455,62179,61502,61073
경남,경남 거창군,노인인구비율,10.58,11.14,11.74,12.42,12.92,13.46,14.02,14.58,15.24,16.14,17.13,17.84,18.73,19.54,20.31,21.21,21.65,22.04,22.21,22.52,23.12,23.61,24.1,24.29,24.63,25.46,25.96,26.7,27.68,28.73
경남,경남 합천군,총인구,76046,74325,71953,70116,68029,66332,65016,63337,61255,59599,57649,60160,57909,58162,55104,55450,55677,52973,51092,50608,50279,50290,50457,49145,48026,47000,45916,45204,44006,42935
경남,경남 합천군,노인인구비율,11.41,12.45,13.29,14.09,15.11,16.09,17.30,18.29,19.41,20.68,22.13,22.55,24.29,25.02,27.03,27.84,28.35,29.98,31.22,31.72,32.47,32.86,33.26,34.36,35.34,36.54,37.22,38.15,39.61,40.97
세종,세종,총인구,,,,,,,,,,,,,,,,,,,,,113117,122153,156125,210884,243048,280100,314126,340575,355831,371895
세종,세종,노인인구비율,,,,,,,,,,,,,,,,,,,,,15.22,14.7,12.67,10.62,9.96,9.59,9.29,9.38,9.8,10.07
제주,제주 제주시,총인구,237481,243014,248537,255247,260640,265856,270424,273930,278535,284498,289874,292124,296068,303499,403601,405458,407498,410378,417539,422790,429656,438165,448834,459876,470665,478700,485946,489405,492466,493096
제주,제주 제주시,노인인구비율,4.36,4.38,4.47,4.53,4.62,4.76,4.96,5.26,5.50,5.73,6.02,6.35,6.65,6.99,9.51,9.93,10.29,10.64,10.93,11.29,11.66,11.95,12.15,12.38,12.57,12.88,13.13,13.63,14.36,14.97
제주,제주 서귀포시,총인구,84721,85201,84940,85393,84999,84837,85041,85857,85571,85129,84601,83275,83770,83027,154895,153800,153120,152285,153716,153366,154057,155641,158512,164519,170932,178383,181245,181584,182169,183663
제주,제주 서귀포시,노인인구비율,5.17,5.37,5.61,5.77,6.00,6.36,6.80,7.19,7.71,8.16,8.67,9.14,9.68,10.18,13.10,13.97,14.53,15.12,15.61,16.2,16.76,17.31,17.59,17.61,17.57,17.64,17.87,18.56,19.45,20.06
제주 ,제주 북제주군,총인구,100447,99991,99320,98328,98229,98300,100422,100808,100227,100017,100540,101828,101915,97202,,,,,,,,,,,,,,,,
제주 ,제주 북제주군,노인인구비율,9.65,9.82,10.21,10.62,10.86,11.28,11.69,12.10,12.61,13.13,13.57,14.04,14.69,15.68,,,,,,,,,,,,,,,,
제주 ,제주 남제주군,총인구,83135,82378,81108,79868,79154,78593,78121,78149,78035,77245,75816,75070,73609,73841,,,,,,,,,,,,,,,,
제주 ,제주 남제주군,노인인구비율,7.38,7.65,8.05,8.51,8.87,9.44,10.11,10.66,11.26,11.85,12.71,13.45,14.31,14.75,,,,,,,,,,,,,,,,
